,game_id,away_team_id,home_team_id,away_team_name,home_team_name,away_score,home_score
0,2022020001,28,18,San Jose Sharks,Nashville Predators,1,4
1,2022020002,18,28,Nashville Predators,San Jose Sharks,3,2
2,2022020003,14,3,Tampa Bay Lightning,New York Rangers,1,3
3,2022020004,54,26,Vegas Golden Knights,Los Angeles Kings,4,3
4,2022020005,6,15,Boston Bruins,Washington Capitals,5,2
5,2022020006,29,12,Columbus Blue Jackets,Carolina Hurricanes,1,4
6,2022020007,10,8,Toronto Maple Leafs,Montréal Canadiens,3,4
7,2022020008,16,21,Chicago Blackhawks,Colorado Avalanche,2,5
8,2022020009,55,24,Seattle Kraken,Anaheim Ducks,4,5
9,2022020010,23,22,Vancouver Canucks,Edmonton Oilers,3,5
10,2022020011,53,5,Arizona Coyotes,Pittsburgh Penguins,2,6
11,2022020012,1,4,New Jersey Devils,Philadelphia Flyers,2,5
12,2022020013,9,7,Ottawa Senators,Buffalo Sabres,1,4
13,2022020014,13,2,Florida Panthers,New York Islanders,3,1
14,2022020015,15,10,Washington Capitals,Toronto Maple Leafs,2,3
15,2022020017,3,30,New York Rangers,Minnesota Wild,7,3
16,2022020016,25,18,Dallas Stars,Nashville Predators,4,1
17,2022020018,21,20,Colorado Avalanche,Calgary Flames,3,5
18,2022020019,16,54,Chicago Blackhawks,Vegas Golden Knights,0,1
19,2022020020,55,26,Seattle Kraken,Los Angeles Kings,4,1
20,2022020021,14,29,Tampa Bay Lightning,Columbus Blue Jackets,5,2
21,2022020022,8,17,Montréal Canadiens,Detroit Red Wings,0,3
22,2022020023,3,52,New York Rangers,Winnipeg Jets,1,4
23,2022020024,12,28,Carolina Hurricanes,San Jose Sharks,2,1
24,2022020025,13,7,Florida Panthers,Buffalo Sabres,4,3
25,2022020026,23,4,Vancouver Canucks,Philadelphia Flyers,2,3
26,2022020027,53,6,Arizona Coyotes,Boston Bruins,3,6
27,2022020028,17,1,Detroit Red Wings,New Jersey Devils,5,2
28,2022020029,8,15,Montréal Canadiens,Washington Capitals,1,3
29,2022020030,9,10,Ottawa Senators,Toronto Maple Leafs,2,3
30,2022020031,14,5,Tampa Bay Lightning,Pittsburgh Penguins,2,6
31,2022020032,24,2,Anaheim Ducks,New York Islanders,1,7
32,2022020033,29,19,Columbus Blue Jackets,St. Louis Blues,2,5
33,2022020034,26,30,Los Angeles Kings,Minnesota Wild,7,6
34,2022020035,18,25,Nashville Predators,Dallas Stars,1,5
35,2022020036,20,22,Calgary Flames,Edmonton Oilers,4,3
36,2022020037,54,55,Vegas Golden Knights,Seattle Kraken,5,2
37,2022020038,16,28,Chicago Blackhawks,San Jose Sharks,5,2
38,2022020039,24,3,Anaheim Ducks,New York Rangers,4,6
39,2022020040,53,10,Arizona Coyotes,Toronto Maple Leafs,4,2
40,2022020041,13,6,Florida Panthers,Boston Bruins,3,5
41,2022020042,5,8,Pittsburgh Penguins,Montréal Canadiens,2,3
42,2022020043,23,15,Vancouver Canucks,Washington Capitals,4,6
43,2022020044,26,17,Los Angeles Kings,Detroit Red Wings,5,4
44,2022020045,21,30,Colorado Avalanche,Minnesota Wild,6,3
45,2022020046,52,25,Winnipeg Jets,Dallas Stars,1,4
46,2022020047,12,55,Carolina Hurricanes,Seattle Kraken,5,1
47,2022020048,24,1,Anaheim Ducks,New Jersey Devils,2,4
48,2022020049,6,9,Boston Bruins,Ottawa Senators,5,7
49,2022020050,23,29,Vancouver Canucks,Columbus Blue Jackets,3,4
50,2022020053,4,14,Philadelphia Flyers,Tampa Bay Lightning,3,2
51,2022020051,28,2,San Jose Sharks,New York Islanders,2,5
52,2022020054,7,22,Buffalo Sabres,Edmonton Oilers,4,2
53,2022020055,54,20,Vegas Golden Knights,Calgary Flames,2,3
54,2022020052,26,18,Los Angeles Kings,Nashville Predators,4,3
55,2022020056,4,13,Philadelphia Flyers,Florida Panthers,3,4
56,2022020057,52,21,Winnipeg Jets,Colorado Avalanche,4,3
57,2022020058,19,55,St. Louis Blues,Seattle Kraken,4,3
58,2022020059,24,6,Anaheim Ducks,Boston Bruins,1,2
59,2022020060,53,8,Arizona Coyotes,Montréal Canadiens,2,6
60,2022020061,25,10,Dallas Stars,Toronto Maple Leafs,2,3
61,2022020062,26,5,Los Angeles Kings,Pittsburgh Penguins,1,6
62,2022020063,18,29,Nashville Predators,Columbus Blue Jackets,3,5
63,2022020064,28,3,San Jose Sharks,New York Rangers,3,2
64,2022020065,15,9,Washington Capitals,Ottawa Senators,2,5
65,2022020066,1,2,New Jersey Devils,New York Islanders,4,1
66,2022020067,23,30,Vancouver Canucks,Minnesota Wild,3,4
67,2022020069,12,22,Carolina Hurricanes,Edmonton Oilers,4,6
68,2022020068,7,20,Buffalo Sabres,Calgary Flames,6,3
69,2022020070,52,54,Winnipeg Jets,Vegas Golden Knights,2,5
70,2022020071,14,13,Tampa Bay Lightning,Florida Panthers,3,2
71,2022020072,17,16,Detroit Red Wings,Chicago Blackhawks,3,4
72,2022020073,55,21,Seattle Kraken,Colorado Avalanche,3,2
73,2022020074,30,6,Minnesota Wild,Boston Bruins,3,4
74,2022020075,28,1,San Jose Sharks,New Jersey Devils,1,2
75,2022020076,53,9,Arizona Coyotes,Ottawa Senators,2,6
76,2022020077,19,22,St. Louis Blues,Edmonton Oilers,2,0
77,2022020078,25,8,Dallas Stars,Montréal Canadiens,5,2
78,2022020079,26,15,Los Angeles Kings,Washington Capitals,3,4
79,2022020080,2,14,New York Islanders,Tampa Bay Lightning,3,5
80,2022020081,5,29,Pittsburgh Penguins,Columbus Blue Jackets,6,3
81,2022020082,10,52,Toronto Maple Leafs,Winnipeg Jets,4,1
82,2022020083,4,18,Philadelphia Flyers,Nashville Predators,3,1
83,2022020084,7,23,Buffalo Sabres,Vancouver Canucks,5,1
84,2022020085,12,20,Carolina Hurricanes,Calgary Flames,2,3
85,2022020086,21,54,Colorado Avalanche,Vegas Golden Knights,3,2
86,2022020087,55,16,Seattle Kraken,Chicago Blackhawks,4,5
87,2022020088,24,17,Anaheim Ducks,Detroit Red Wings,1,5
88,2022020089,29,3,Columbus Blue Jackets,New York Rangers,5,1
89,2022020090,2,13,New York Islanders,Florida Panthers,2,3
90,2022020091,28,4,San Jose Sharks,Philadelphia Flyers,3,0
91,2022020092,25,9,Dallas Stars,Ottawa Senators,2,4
92,2022020093,15,1,Washington Capitals,New Jersey Devils,6,3
93,2022020094,5,22,Pittsburgh Penguins,Edmonton Oilers,3,6
94,2022020095,19,52,St. Louis Blues,Winnipeg Jets,0,4
95,2022020096,10,54,Toronto Maple Leafs,Vegas Golden Knights,1,3
96,2022020097,12,23,Carolina Hurricanes,Vancouver Canucks,3,2
97,2022020098,53,29,Arizona Coyotes,Columbus Blue Jackets,6,3
98,2022020100,25,6,Dallas Stars,Boston Bruins,1,3
99,2022020101,30,8,Minnesota Wild,Montréal Canadiens,3,1
100,2022020102,1,17,New Jersey Devils,Detroit Red Wings,6,2
101,2022020099,21,3,Colorado Avalanche,New York Rangers,3,2
102,2022020103,13,16,Florida Panthers,Chicago Blackhawks,2,4
103,2022020104,5,20,Pittsburgh Penguins,Calgary Flames,1,4
104,2022020105,7,55,Buffalo Sabres,Seattle Kraken,1,5
105,2022020106,14,26,Tampa Bay Lightning,Los Angeles Kings,2,4
106,2022020107,54,28,Vegas Golden Knights,San Jose Sharks,4,2
107,2022020108,3,2,New York Rangers,New York Islanders,0,3
108,2022020109,22,19,Edmonton Oilers,St. Louis Blues,3,1
109,2022020110,14,24,Tampa Bay Lightning,Anaheim Ducks,4,2
110,2022020111,17,6,Detroit Red Wings,Boston Bruins,1,5
111,2022020112,13,4,Florida Panthers,Philadelphia Flyers,3,4
112,2022020113,30,9,Minnesota Wild,Ottawa Senators,4,2
113,2022020114,8,7,Montréal Canadiens,Buffalo Sabres,3,2
114,2022020115,19,18,St. Louis Blues,Nashville Predators,2,6
115,2022020116,22,16,Edmonton Oilers,Chicago Blackhawks,6,5
116,2022020117,15,25,Washington Capitals,Dallas Stars,0,2
117,2022020118,23,55,Vancouver Canucks,Seattle Kraken,5,4
118,2022020119,10,28,Toronto Maple Leafs,San Jose Sharks,3,4
119,2022020120,52,26,Winnipeg Jets,Los Angeles Kings,6,4
120,2022020121,24,54,Anaheim Ducks,Vegas Golden Knights,0,4
121,2022020122,6,29,Boston Bruins,Columbus Blue Jackets,4,0
122,2022020123,21,1,Colorado Avalanche,New Jersey Devils,0,1
123,2022020124,2,12,New York Islanders,Carolina Hurricanes,6,2
124,2022020125,5,23,Pittsburgh Penguins,Vancouver Canucks,1,5
125,2022020126,52,53,Winnipeg Jets,Arizona Coyotes,3,2
126,2022020127,3,25,New York Rangers,Dallas Stars,6,3
127,2022020128,9,13,Ottawa Senators,Florida Panthers,3,5
128,2022020129,14,28,Tampa Bay Lightning,San Jose Sharks,4,3
129,2022020130,12,4,Carolina Hurricanes,Philadelphia Flyers,4,3
130,2022020131,16,7,Chicago Blackhawks,Buffalo Sabres,3,4
131,2022020132,30,17,Minnesota Wild,Detroit Red Wings,1,2
132,2022020133,8,19,Montréal Canadiens,St. Louis Blues,7,4
133,2022020134,10,26,Toronto Maple Leafs,Los Angeles Kings,2,4
134,2022020135,21,2,Colorado Avalanche,New York Islanders,4,5
135,2022020136,15,18,Washington Capitals,Nashville Predators,3,0
136,2022020137,22,20,Edmonton Oilers,Calgary Flames,3,2
137,2022020138,5,55,Pittsburgh Penguins,Seattle Kraken,1,3
138,2022020139,29,1,Columbus Blue Jackets,New Jersey Devils,1,7
139,2022020140,30,16,Minnesota Wild,Chicago Blackhawks,4,3
140,2022020141,3,53,New York Rangers,Arizona Coyotes,3,2
141,2022020142,10,24,Toronto Maple Leafs,Anaheim Ducks,3,4
142,2022020143,52,54,Winnipeg Jets,Vegas Golden Knights,1,2
143,2022020144,17,7,Detroit Red Wings,Buffalo Sabres,3,8
144,2022020145,15,12,Washington Capitals,Carolina Hurricanes,2,3
145,2022020146,26,19,Los Angeles Kings,St. Louis Blues,5,1
146,2022020148,9,14,Ottawa Senators,Tampa Bay Lightning,3,4
147,2022020149,4,3,Philadelphia Flyers,New York Rangers,0,1
148,2022020150,54,15,Vegas Golden Knights,Washington Capitals,3,2
149,2022020147,6,5,Boston Bruins,Pittsburgh Penguins,6,5
150,2022020151,8,30,Montréal Canadiens,Minnesota Wild,1,4
151,2022020152,2,16,New York Islanders,Chicago Blackhawks,3,1
152,2022020153,26,25,Los Angeles Kings,Dallas Stars,2,5
153,2022020154,18,22,Nashville Predators,Edmonton Oilers,4,7
154,2022020155,55,20,Seattle Kraken,Calgary Flames,5,4
155,2022020156,13,53,Florida Panthers,Arizona Coyotes,1,3
156,2022020157,1,23,New Jersey Devils,Vancouver Canucks,5,2
157,2022020158,24,28,Anaheim Ducks,San Jose Sharks,6,5
158,2022020159,4,10,Philadelphia Flyers,Toronto Maple Leafs,2,5
159,2022020160,5,7,Pittsburgh Penguins,Buffalo Sabres,3,6
160,2022020162,12,14,Carolina Hurricanes,Tampa Bay Lightning,4,3
161,2022020163,54,9,Vegas Golden Knights,Ottawa Senators,5,4
162,2022020164,15,17,Washington Capitals,Detroit Red Wings,1,3
163,2022020161,6,3,Boston Bruins,New York Rangers,5,2
164,2022020165,8,52,Montréal Canadiens,Winnipeg Jets,2,3
165,2022020166,2,19,New York Islanders,St. Louis Blues,5,2
166,2022020167,55,30,Seattle Kraken,Minnesota Wild,4,0
167,2022020168,26,16,Los Angeles Kings,Chicago Blackhawks,1,2
168,2022020169,18,20,Nashville Predators,Calgary Flames,4,1
169,2022020170,1,22,New Jersey Devils,Edmonton Oilers,4,3
170,2022020171,24,23,Anaheim Ducks,Vancouver Canucks,5,8
171,2022020172,25,53,Dallas Stars,Arizona Coyotes,7,2
172,2022020173,13,28,Florida Panthers,San Jose Sharks,4,3
173,2022020175,29,21,Columbus Blue Jackets,Colorado Avalanche,3,6
174,2022020174,7,12,Buffalo Sabres,Carolina Hurricanes,3,5
175,2022020181,2,17,New York Islanders,Detroit Red Wings,0,3
176,2022020185,21,29,Colorado Avalanche,Columbus Blue Jackets,5,1
177,2022020176,16,52,Chicago Blackhawks,Winnipeg Jets,0,4
178,2022020177,25,22,Dallas Stars,Edmonton Oilers,6,2
179,2022020178,53,15,Arizona Coyotes,Washington Capitals,3,2
180,2022020179,6,10,Boston Bruins,Toronto Maple Leafs,1,2
181,2022020180,7,14,Buffalo Sabres,Tampa Bay Lightning,3,5
182,2022020182,4,9,Philadelphia Flyers,Ottawa Senators,2,1
183,2022020183,55,5,Seattle Kraken,Pittsburgh Penguins,3,2
184,2022020184,54,8,Vegas Golden Knights,Montréal Canadiens,6,4
185,2022020186,18,23,Nashville Predators,Vancouver Canucks,4,3
186,2022020187,1,20,New Jersey Devils,Calgary Flames,4,3
187,2022020188,24,28,Anaheim Ducks,San Jose Sharks,5,4
188,2022020189,13,26,Florida Panthers,Los Angeles Kings,4,5
189,2022020190,17,3,Detroit Red Wings,New York Rangers,3,2
190,2022020191,10,12,Toronto Maple Leafs,Carolina Hurricanes,3,1
191,2022020192,13,24,Florida Panthers,Anaheim Ducks,5,3
192,2022020193,20,2,Calgary Flames,New York Islanders,3,4
193,2022020194,19,6,St. Louis Blues,Boston Bruins,1,3
194,2022020195,22,15,Edmonton Oilers,Washington Capitals,4,5
195,2022020196,53,7,Arizona Coyotes,Buffalo Sabres,4,1
196,2022020197,20,1,Calgary Flames,New Jersey Devils,2,3
197,2022020198,2,3,New York Islanders,New York Rangers,4,3
198,2022020199,19,4,St. Louis Blues,Philadelphia Flyers,1,5
199,2022020200,23,9,Vancouver Canucks,Ottawa Senators,6,4
200,2022020201,54,10,Vegas Golden Knights,Toronto Maple Leafs,4,3
201,2022020203,8,17,Montréal Canadiens,Detroit Red Wings,3,2
202,2022020202,22,14,Edmonton Oilers,Tampa Bay Lightning,3,2
203,2022020204,25,52,Dallas Stars,Winnipeg Jets,1,5
204,2022020205,18,55,Nashville Predators,Seattle Kraken,1,5
205,2022020206,30,26,Minnesota Wild,Los Angeles Kings,0,1
206,2022020207,12,13,Carolina Hurricanes,Florida Panthers,0,3
207,2022020208,5,15,Pittsburgh Penguins,Washington Capitals,4,1
208,2022020209,23,8,Vancouver Canucks,Montréal Canadiens,2,5
209,2022020210,30,24,Minnesota Wild,Anaheim Ducks,4,1
210,2022020211,20,6,Calgary Flames,Boston Bruins,1,3
211,2022020212,22,12,Edmonton Oilers,Carolina Hurricanes,2,7
212,2022020213,9,1,Ottawa Senators,New Jersey Devils,3,4
213,2022020214,4,29,Philadelphia Flyers,Columbus Blue Jackets,2,5
214,2022020215,54,7,Vegas Golden Knights,Buffalo Sabres,7,4
215,2022020217,3,17,New York Rangers,Detroit Red Wings,8,2
216,2022020216,53,2,Arizona Coyotes,New York Islanders,2,0
217,2022020218,28,19,San Jose Sharks,St. Louis Blues,3,5
218,2022020219,18,21,Nashville Predators,Colorado Avalanche,3,5
219,2022020220,16,26,Chicago Blackhawks,Los Angeles Kings,1,2
220,2022020221,5,10,Pittsburgh Penguins,Toronto Maple Leafs,4,2
221,2022020222,14,15,Tampa Bay Lightning,Washington Capitals,1,5
222,2022020223,28,25,San Jose Sharks,Dallas Stars,5,4
223,2022020224,30,55,Minnesota Wild,Seattle Kraken,1,0
224,2022020225,9,4,Ottawa Senators,Philadelphia Flyers,4,1
225,2022020226,22,13,Edmonton Oilers,Florida Panthers,4,2
226,2022020227,53,1,Arizona Coyotes,New Jersey Devils,2,4
227,2022020228,6,7,Boston Bruins,Buffalo Sabres,3,1
228,2022020229,5,8,Pittsburgh Penguins,Montréal Canadiens,4,5
229,2022020230,23,10,Vancouver Canucks,Toronto Maple Leafs,2,3
230,2022020231,29,2,Columbus Blue Jackets,New York Islanders,3,4
231,2022020232,3,18,New York Rangers,Nashville Predators,1,2
232,2022020233,12,21,Carolina Hurricanes,Colorado Avalanche,1,4
233,2022020234,16,24,Chicago Blackhawks,Anaheim Ducks,3,2
234,2022020235,19,54,St. Louis Blues,Vegas Golden Knights,3,2
235,2022020236,52,20,Winnipeg Jets,Calgary Flames,2,3
236,2022020237,17,26,Detroit Red Wings,Los Angeles Kings,3,4
237,2022020238,25,4,Dallas Stars,Philadelphia Flyers,5,1
238,2022020240,28,30,San Jose Sharks,Minnesota Wild,3,2
239,2022020241,23,6,Vancouver Canucks,Boston Bruins,2,5
240,2022020239,53,3,Arizona Coyotes,New York Rangers,1,4
241,2022020242,15,14,Washington Capitals,Tampa Bay Lightning,3,6
242,2022020243,52,55,Winnipeg Jets,Seattle Kraken,3,2
243,2022020244,2,9,New York Islanders,Ottawa Senators,4,2
244,2022020245,12,16,Carolina Hurricanes,Chicago Blackhawks,3,0
245,2022020246,26,20,Los Angeles Kings,Calgary Flames,5,6
246,2022020247,19,21,St. Louis Blues,Colorado Avalanche,3,2
247,2022020248,25,14,Dallas Stars,Tampa Bay Lightning,4,5
248,2022020249,1,8,New Jersey Devils,Montréal Canadiens,5,1
249,2022020251,10,5,Toronto Maple Leafs,Pittsburgh Penguins,5,2
250,2022020252,23,7,Vancouver Canucks,Buffalo Sabres,5,4
251,2022020253,15,13,Washington Capitals,Florida Panthers,2,5
252,2022020250,4,29,Philadelphia Flyers,Columbus Blue Jackets,4,5
253,2022020254,30,18,Minnesota Wild,Nashville Predators,1,2
254,2022020255,17,24,Detroit Red Wings,Anaheim Ducks,2,3
255,2022020256,28,54,San Jose Sharks,Vegas Golden Knights,5,2
256,2022020257,7,9,Buffalo Sabres,Ottawa Senators,1,4
257,2022020258,19,16,St. Louis Blues,Chicago Blackhawks,5,2
258,2022020259,26,22,Los Angeles Kings,Edmonton Oilers,3,1
259,2022020260,20,14,Calgary Flames,Tampa Bay Lightning,1,4
260,2022020261,21,12,Colorado Avalanche,Carolina Hurricanes,3,2
261,2022020262,25,13,Dallas Stars,Florida Panthers,6,4
262,2022020263,8,29,Montréal Canadiens,Columbus Blue Jackets,4,6
263,2022020264,1,10,New Jersey Devils,Toronto Maple Leafs,3,2
264,2022020265,4,6,Philadelphia Flyers,Boston Bruins,1,4
265,2022020266,24,52,Anaheim Ducks,Winnipeg Jets,2,3
266,2022020267,2,18,New York Islanders,Nashville Predators,4,5
267,2022020268,5,30,Pittsburgh Penguins,Minnesota Wild,6,4
268,2022020269,15,19,Washington Capitals,St. Louis Blues,4,5
269,2022020270,53,54,Arizona Coyotes,Vegas Golden Knights,1,4
270,2022020271,3,55,New York Rangers,Seattle Kraken,2,3
271,2022020272,17,28,Detroit Red Wings,San Jose Sharks,7,4
272,2022020273,26,23,Los Angeles Kings,Vancouver Canucks,1,4
273,2022020274,1,9,New Jersey Devils,Ottawa Senators,5,1
274,2022020275,20,13,Calgary Flames,Florida Panthers,5,4
275,2022020276,7,10,Buffalo Sabres,Toronto Maple Leafs,2,5
276,2022020277,16,6,Chicago Blackhawks,Boston Bruins,1,6
277,2022020278,21,15,Colorado Avalanche,Washington Capitals,4,0
278,2022020279,17,29,Detroit Red Wings,Columbus Blue Jackets,6,1
279,2022020280,4,8,Philadelphia Flyers,Montréal Canadiens,4,5
280,2022020281,5,52,Pittsburgh Penguins,Winnipeg Jets,3,0
281,2022020282,24,19,Anaheim Ducks,St. Louis Blues,2,6
282,2022020283,12,30,Carolina Hurricanes,Minnesota Wild,1,2
283,2022020284,2,25,New York Islanders,Dallas Stars,2,5
284,2022020285,14,18,Tampa Bay Lightning,Nashville Predators,3,2
285,2022020286,26,55,Los Angeles Kings,Seattle Kraken,2,3
286,2022020287,54,22,Vegas Golden Knights,Edmonton Oilers,3,4
287,2022020288,3,28,New York Rangers,San Jose Sharks,2,1
288,2022020289,13,29,Florida Panthers,Columbus Blue Jackets,3,5
289,2022020290,5,16,Pittsburgh Penguins,Chicago Blackhawks,5,3
290,2022020291,6,14,Boston Bruins,Tampa Bay Lightning,5,3
291,2022020292,20,4,Calgary Flames,Philadelphia Flyers,5,2
292,2022020293,22,1,Edmonton Oilers,New Jersey Devils,2,5
293,2022020294,12,52,Carolina Hurricanes,Winnipeg Jets,3,4
294,2022020295,2,10,New York Islanders,Toronto Maple Leafs,3,2
295,2022020296,24,19,Anaheim Ducks,St. Louis Blues,1,3
296,2022020297,53,18,Arizona Coyotes,Nashville Predators,3,4
297,2022020298,21,25,Colorado Avalanche,Dallas Stars,3,2
298,2022020299,9,28,Ottawa Senators,San Jose Sharks,1,5
299,2022020300,54,23,Vegas Golden Knights,Vancouver Canucks,5,4
300,2022020301,7,8,Buffalo Sabres,Montréal Canadiens,7,2
301,2022020302,3,26,New York Rangers,Los Angeles Kings,5,3
302,2022020303,53,12,Arizona Coyotes,Carolina Hurricanes,4,0
303,2022020304,6,13,Boston Bruins,Florida Panthers,2,5
304,2022020305,20,5,Calgary Flames,Pittsburgh Penguins,1,2
305,2022020306,8,29,Montréal Canadiens,Columbus Blue Jackets,3,1
306,2022020307,19,7,St. Louis Blues,Buffalo Sabres,2,6
307,2022020308,10,1,Toronto Maple Leafs,New Jersey Devils,2,1
308,2022020309,52,30,Winnipeg Jets,Minnesota Wild,1,6
309,2022020311,18,17,Nashville Predators,Detroit Red Wings,0,3
310,2022020310,22,2,Edmonton Oilers,New York Islanders,0,3
311,2022020312,4,15,Philadelphia Flyers,Washington Capitals,2,3
312,2022020313,16,25,Chicago Blackhawks,Dallas Stars,4,6
313,2022020314,3,24,New York Rangers,Anaheim Ducks,2,3
314,2022020315,9,54,Ottawa Senators,Vegas Golden Knights,1,4
315,2022020316,28,55,San Jose Sharks,Seattle Kraken,5,8
316,2022020317,23,21,Vancouver Canucks,Colorado Avalanche,4,3
317,2022020318,12,6,Carolina Hurricanes,Boston Bruins,2,3
318,2022020319,20,15,Calgary Flames,Washington Capitals,0,3
319,2022020321,8,16,Montréal Canadiens,Chicago Blackhawks,3,2
320,2022020322,10,30,Toronto Maple Leafs,Minnesota Wild,4,3
321,2022020323,9,24,Ottawa Senators,Anaheim Ducks,5,1
322,2022020324,5,4,Pittsburgh Penguins,Philadelphia Flyers,4,1
323,2022020325,53,17,Arizona Coyotes,Detroit Red Wings,3,4
324,2022020326,2,29,New York Islanders,Columbus Blue Jackets,3,2
325,2022020327,1,7,New Jersey Devils,Buffalo Sabres,3,1
326,2022020328,19,14,St. Louis Blues,Tampa Bay Lightning,2,5
327,2022020329,55,54,Seattle Kraken,Vegas Golden Knights,4,2
328,2022020330,52,25,Winnipeg Jets,Dallas Stars,5,4
329,2022020331,26,28,Los Angeles Kings,San Jose Sharks,5,2
330,2022020332,22,3,Edmonton Oilers,New York Rangers,4,3
331,2022020333,20,12,Calgary Flames,Carolina Hurricanes,2,3
332,2022020334,19,13,St. Louis Blues,Florida Panthers,5,4
333,2022020335,10,5,Toronto Maple Leafs,Pittsburgh Penguins,4,1
334,2022020336,15,1,Washington Capitals,New Jersey Devils,1,5
335,2022020337,4,2,Philadelphia Flyers,New York Islanders,2,5
336,2022020339,25,21,Dallas Stars,Colorado Avalanche,1,4
337,2022020340,23,54,Vancouver Canucks,Vegas Golden Knights,5,1
338,2022020341,53,30,Arizona Coyotes,Minnesota Wild,3,4
339,2022020342,52,16,Winnipeg Jets,Chicago Blackhawks,7,2
340,2022020343,55,24,Seattle Kraken,Anaheim Ducks,5,4
341,2022020344,23,28,Vancouver Canucks,San Jose Sharks,4,3
342,2022020345,9,26,Ottawa Senators,Los Angeles Kings,3,2
343,2022020346,1,3,New Jersey Devils,New York Rangers,5,3
344,2022020347,14,7,Tampa Bay Lightning,Buffalo Sabres,6,5
345,2022020348,10,17,Toronto Maple Leafs,Detroit Red Wings,4,2
346,2022020349,54,29,Vegas Golden Knights,Columbus Blue Jackets,3,2
347,2022020350,25,19,Dallas Stars,St. Louis Blues,4,1
348,2022020351,13,22,Florida Panthers,Edmonton Oilers,3,4
349,2022020352,12,5,Carolina Hurricanes,Pittsburgh Penguins,3,2
350,2022020354,28,8,San Jose Sharks,Montréal Canadiens,4,0
351,2022020355,14,6,Tampa Bay Lightning,Boston Bruins,1,3
352,2022020353,2,4,New York Islanders,Philadelphia Flyers,1,3
353,2022020356,24,18,Anaheim Ducks,Nashville Predators,1,2
354,2022020357,21,52,Colorado Avalanche,Winnipeg Jets,0,5
355,2022020358,13,20,Florida Panthers,Calgary Flames,2,6
356,2022020359,15,23,Washington Capitals,Vancouver Canucks,5,1
357,2022020360,55,26,Seattle Kraken,Los Angeles Kings,9,8
358,2022020361,7,17,Buffalo Sabres,Detroit Red Wings,5,4
359,2022020362,3,9,New York Rangers,Ottawa Senators,3,1
360,2022020363,28,10,San Jose Sharks,Toronto Maple Leafs,1,3
361,2022020364,22,16,Edmonton Oilers,Chicago Blackhawks,5,4
362,2022020365,21,7,Colorado Avalanche,Buffalo Sabres,6,4
363,2022020366,18,1,Nashville Predators,New Jersey Devils,4,3
364,2022020367,14,4,Tampa Bay Lightning,Philadelphia Flyers,4,1
365,2022020368,54,5,Vegas Golden Knights,Pittsburgh Penguins,3,4
366,2022020369,12,19,Carolina Hurricanes,St. Louis Blues,6,4
367,2022020370,22,30,Edmonton Oilers,Minnesota Wild,3,5
368,2022020371,24,25,Anaheim Ducks,Dallas Stars,0,5
369,2022020372,8,20,Montréal Canadiens,Calgary Flames,2,1
370,2022020373,13,23,Florida Panthers,Vancouver Canucks,5,1
371,2022020374,15,55,Washington Capitals,Seattle Kraken,2,3
372,2022020375,53,26,Arizona Coyotes,Los Angeles Kings,3,5
373,2022020376,9,3,Ottawa Senators,New York Rangers,3,2
374,2022020377,18,2,Nashville Predators,New York Islanders,4,1
375,2022020378,29,52,Columbus Blue Jackets,Winnipeg Jets,4,1
376,2022020379,24,30,Anaheim Ducks,Minnesota Wild,4,5
377,2022020380,21,6,Colorado Avalanche,Boston Bruins,1,5
378,2022020381,8,22,Montréal Canadiens,Edmonton Oilers,3,5
379,2022020382,1,4,New Jersey Devils,Philadelphia Flyers,3,2
380,2022020383,28,9,San Jose Sharks,Ottawa Senators,2,5
381,2022020384,19,5,St. Louis Blues,Pittsburgh Penguins,2,6
382,2022020385,10,14,Toronto Maple Leafs,Tampa Bay Lightning,3,4
383,2022020386,54,17,Vegas Golden Knights,Detroit Red Wings,4,1
384,2022020387,16,3,Chicago Blackhawks,New York Rangers,5,2
385,2022020388,53,23,Arizona Coyotes,Vancouver Canucks,2,3
386,2022020389,13,55,Florida Panthers,Seattle Kraken,5,1
387,2022020390,15,20,Washington Capitals,Calgary Flames,2,5
388,2022020391,12,26,Carolina Hurricanes,Los Angeles Kings,4,2
389,2022020392,24,52,Anaheim Ducks,Winnipeg Jets,2,5
390,2022020393,30,25,Minnesota Wild,Dallas Stars,6,5
391,2022020394,17,29,Detroit Red Wings,Columbus Blue Jackets,4,2
392,2022020395,28,7,San Jose Sharks,Buffalo Sabres,3,6
393,2022020396,16,2,Chicago Blackhawks,New York Islanders,0,3
394,2022020397,21,4,Colorado Avalanche,Philadelphia Flyers,3,5
395,2022020398,19,3,St. Louis Blues,New York Rangers,4,6
396,2022020399,54,6,Vegas Golden Knights,Boston Bruins,4,3
397,2022020400,15,22,Washington Capitals,Edmonton Oilers,3,2
398,2022020401,53,20,Arizona Coyotes,Calgary Flames,2,3
399,2022020402,8,23,Montréal Canadiens,Vancouver Canucks,6,7
400,2022020403,16,1,Chicago Blackhawks,New Jersey Devils,0,3
401,2022020404,29,5,Columbus Blue Jackets,Pittsburgh Penguins,1,4
402,2022020405,17,14,Detroit Red Wings,Tampa Bay Lightning,4,2
403,2022020406,26,9,Los Angeles Kings,Ottawa Senators,5,2
404,2022020407,19,2,St. Louis Blues,New York Islanders,7,4
405,2022020408,13,52,Florida Panthers,Winnipeg Jets,2,5
406,2022020409,10,25,Toronto Maple Leafs,Dallas Stars,4,0
407,2022020410,12,24,Carolina Hurricanes,Anaheim Ducks,3,4
408,2022020411,8,55,Montréal Canadiens,Seattle Kraken,4,2
409,2022020413,15,4,Washington Capitals,Philadelphia Flyers,4,1
410,2022020412,7,29,Buffalo Sabres,Columbus Blue Jackets,9,4
411,2022020414,30,20,Minnesota Wild,Calgary Flames,3,5
412,2022020415,6,21,Boston Bruins,Colorado Avalanche,4,0
413,2022020416,53,22,Arizona Coyotes,Edmonton Oilers,2,8
414,2022020417,3,54,New York Rangers,Vegas Golden Knights,5,1
415,2022020418,23,28,Vancouver Canucks,San Jose Sharks,6,5
416,2022020420,26,10,Los Angeles Kings,Toronto Maple Leafs,0,5
417,2022020421,18,14,Nashville Predators,Tampa Bay Lightning,2,5
418,2022020419,17,13,Detroit Red Wings,Florida Panthers,1,5
419,2022020422,52,19,Winnipeg Jets,St. Louis Blues,5,2
420,2022020423,9,25,Ottawa Senators,Dallas Stars,3,4
421,2022020424,20,29,Calgary Flames,Columbus Blue Jackets,1,3
422,2022020425,2,1,New York Islanders,New Jersey Devils,6,4
423,2022020426,5,7,Pittsburgh Penguins,Buffalo Sabres,4,3
424,2022020427,55,15,Seattle Kraken,Washington Capitals,1,4
425,2022020428,52,16,Winnipeg Jets,Chicago Blackhawks,3,1
426,2022020429,30,22,Minnesota Wild,Edmonton Oilers,2,5
427,2022020430,3,21,New York Rangers,Colorado Avalanche,2,1
428,2022020431,6,53,Boston Bruins,Arizona Coyotes,3,4
429,2022020432,4,54,Philadelphia Flyers,Vegas Golden Knights,1,2
430,2022020433,28,24,San Jose Sharks,Anaheim Ducks,6,1
431,2022020434,9,18,Ottawa Senators,Nashville Predators,3,2
432,2022020435,17,25,Detroit Red Wings,Dallas Stars,2,3
433,2022020436,13,14,Florida Panthers,Tampa Bay Lightning,1,4
434,2022020437,7,5,Buffalo Sabres,Pittsburgh Penguins,1,3
435,2022020438,20,10,Calgary Flames,Toronto Maple Leafs,4,5
436,2022020439,26,8,Los Angeles Kings,Montréal Canadiens,4,2
437,2022020440,12,2,Carolina Hurricanes,New York Islanders,3,0
438,2022020441,30,23,Minnesota Wild,Vancouver Canucks,3,0
439,2022020442,21,19,Colorado Avalanche,St. Louis Blues,3,2
440,2022020443,26,29,Los Angeles Kings,Columbus Blue Jackets,5,6
441,2022020444,55,13,Seattle Kraken,Florida Panthers,5,2
442,2022020445,4,53,Philadelphia Flyers,Arizona Coyotes,4,5
443,2022020446,15,52,Washington Capitals,Winnipeg Jets,5,2
444,2022020447,6,54,Boston Bruins,Vegas Golden Knights,3,1
445,2022020448,20,8,Calgary Flames,Montréal Canadiens,1,2
446,2022020449,25,5,Dallas Stars,Pittsburgh Penguins,1,2
447,2022020450,1,3,New Jersey Devils,New York Rangers,3,4
448,2022020451,24,9,Anaheim Ducks,Ottawa Senators,0,3
449,2022020452,22,30,Edmonton Oilers,Minnesota Wild,1,2
450,2022020453,18,19,Nashville Predators,St. Louis Blues,0,1
451,2022020454,24,10,Anaheim Ducks,Toronto Maple Leafs,0,7
452,2022020455,29,13,Columbus Blue Jackets,Florida Panthers,0,4
453,2022020456,25,1,Dallas Stars,New Jersey Devils,4,1
454,2022020457,26,7,Los Angeles Kings,Buffalo Sabres,0,6
455,2022020458,2,6,New York Islanders,Boston Bruins,3,4
456,2022020459,55,14,Seattle Kraken,Tampa Bay Lightning,2,6
457,2022020460,12,17,Carolina Hurricanes,Detroit Red Wings,1,0
458,2022020461,22,18,Edmonton Oilers,Nashville Predators,6,3
459,2022020462,54,52,Vegas Golden Knights,Winnipeg Jets,6,5
460,2022020463,15,16,Washington Capitals,Chicago Blackhawks,7,3
461,2022020464,4,21,Philadelphia Flyers,Colorado Avalanche,2,3
462,2022020465,53,28,Arizona Coyotes,San Jose Sharks,2,3
463,2022020466,8,9,Montréal Canadiens,Ottawa Senators,2,3
464,2022020467,17,30,Detroit Red Wings,Minnesota Wild,1,4
465,2022020468,23,20,Vancouver Canucks,Calgary Flames,4,3
466,2022020469,24,8,Anaheim Ducks,Montréal Canadiens,5,2
467,2022020470,29,14,Columbus Blue Jackets,Tampa Bay Lightning,1,4
468,2022020471,25,15,Dallas Stars,Washington Capitals,2,1
469,2022020472,26,6,Los Angeles Kings,Boston Bruins,3,2
470,2022020473,4,1,Philadelphia Flyers,New Jersey Devils,2,1
471,2022020474,5,13,Pittsburgh Penguins,Florida Panthers,4,2
472,2022020475,55,12,Seattle Kraken,Carolina Hurricanes,2,3
473,2022020476,10,3,Toronto Maple Leafs,New York Rangers,1,3
474,2022020477,18,52,Nashville Predators,Winnipeg Jets,1,2
475,2022020478,54,16,Vegas Golden Knights,Chicago Blackhawks,4,1
476,2022020479,7,21,Buffalo Sabres,Colorado Avalanche,4,2
477,2022020480,19,22,St. Louis Blues,Edmonton Oilers,4,3
478,2022020481,16,30,Chicago Blackhawks,Minnesota Wild,1,4
479,2022020482,19,20,St. Louis Blues,Calgary Flames,5,2
480,2022020483,2,53,New York Islanders,Arizona Coyotes,4,5
481,2022020484,29,6,Columbus Blue Jackets,Boston Bruins,2,4
482,2022020485,9,17,Ottawa Senators,Detroit Red Wings,6,3
483,2022020486,24,22,Anaheim Ducks,Edmonton Oilers,4,3
484,2022020487,25,12,Dallas Stars,Carolina Hurricanes,4,5
485,2022020489,3,4,New York Rangers,Philadelphia Flyers,6,3
486,2022020490,14,8,Tampa Bay Lightning,Montréal Canadiens,5,1
487,2022020491,10,15,Toronto Maple Leafs,Washington Capitals,2,5
488,2022020488,13,1,Florida Panthers,New Jersey Devils,4,2
489,2022020492,7,53,Buffalo Sabres,Arizona Coyotes,5,2
490,2022020493,18,21,Nashville Predators,Colorado Avalanche,1,3
491,2022020494,2,54,New York Islanders,Vegas Golden Knights,5,2
492,2022020495,52,23,Winnipeg Jets,Vancouver Canucks,5,1
493,2022020496,28,26,San Jose Sharks,Los Angeles Kings,2,3
494,2022020497,9,30,Ottawa Senators,Minnesota Wild,2,4
495,2022020498,5,12,Pittsburgh Penguins,Carolina Hurricanes,2,3
496,2022020499,3,16,New York Rangers,Chicago Blackhawks,7,1
497,2022020500,52,55,Winnipeg Jets,Seattle Kraken,2,3
498,2022020501,20,28,Calgary Flames,San Jose Sharks,5,2
499,2022020502,25,29,Dallas Stars,Columbus Blue Jackets,2,1
500,2022020503,17,15,Detroit Red Wings,Washington Capitals,3,4
501,2022020504,13,6,Florida Panthers,Boston Bruins,3,7
502,2022020505,22,18,Edmonton Oilers,Nashville Predators,3,4
503,2022020506,2,21,New York Islanders,Colorado Avalanche,0,1
504,2022020507,7,54,Buffalo Sabres,Vegas Golden Knights,3,2
505,2022020508,8,53,Montréal Canadiens,Arizona Coyotes,3,2
506,2022020509,19,23,St. Louis Blues,Vancouver Canucks,5,1
507,2022020510,29,4,Columbus Blue Jackets,Philadelphia Flyers,3,5
508,2022020511,3,5,New York Rangers,Pittsburgh Penguins,2,3
509,2022020512,1,12,New Jersey Devils,Carolina Hurricanes,1,4
510,2022020513,14,10,Tampa Bay Lightning,Toronto Maple Leafs,1,4
511,2022020514,9,52,Ottawa Senators,Winnipeg Jets,1,5
512,2022020515,19,55,St. Louis Blues,Seattle Kraken,2,5
513,2022020516,24,26,Anaheim Ducks,Los Angeles Kings,1,4
514,2022020517,20,28,Calgary Flames,San Jose Sharks,7,3
515,2022020518,1,13,New Jersey Devils,Florida Panthers,4,2
516,2022020519,14,17,Tampa Bay Lightning,Detroit Red Wings,4,7
517,2022020520,8,21,Montréal Canadiens,Colorado Avalanche,1,2
518,2022020521,18,16,Nashville Predators,Chicago Blackhawks,4,2
519,2022020522,22,25,Edmonton Oilers,Dallas Stars,6,3
520,2022020523,53,54,Arizona Coyotes,Vegas Golden Knights,2,5
521,2022020524,30,24,Minnesota Wild,Anaheim Ducks,4,1
522,2022020525,4,10,Philadelphia Flyers,Toronto Maple Leafs,3,4
523,2022020526,12,5,Carolina Hurricanes,Pittsburgh Penguins,4,3
524,2022020527,2,3,New York Islanders,New York Rangers,3,5
525,2022020528,15,9,Washington Capitals,Ottawa Senators,3,2
526,2022020529,52,6,Winnipeg Jets,Boston Bruins,2,3
527,2022020530,55,23,Seattle Kraken,Vancouver Canucks,5,6
528,2022020531,20,26,Calgary Flames,Los Angeles Kings,3,4
529,2022020532,30,28,Minnesota Wild,San Jose Sharks,2,5
530,2022020533,6,1,Boston Bruins,New Jersey Devils,4,3
531,2022020535,4,12,Philadelphia Flyers,Carolina Hurricanes,5,6
532,2022020537,52,15,Winnipeg Jets,Washington Capitals,1,4
533,2022020538,13,2,Florida Panthers,New York Islanders,1,5
534,2022020539,21,18,Colorado Avalanche,Nashville Predators,3,2
535,2022020541,8,25,Montréal Canadiens,Dallas Stars,2,4
536,2022020540,29,16,Columbus Blue Jackets,Chicago Blackhawks,2,5
537,2022020542,23,22,Vancouver Canucks,Edmonton Oilers,5,2
538,2022020543,26,53,Los Angeles Kings,Arizona Coyotes,1,2
539,2022020545,19,54,St. Louis Blues,Vegas Golden Knights,4,5
540,2022020544,20,24,Calgary Flames,Anaheim Ducks,3,2
541,2022020546,6,9,Boston Bruins,Ottawa Senators,2,3
542,2022020548,16,12,Chicago Blackhawks,Carolina Hurricanes,0,3
543,2022020549,15,3,Washington Capitals,New York Rangers,4,0
544,2022020550,5,2,Pittsburgh Penguins,New York Islanders,1,5
545,2022020551,25,18,Dallas Stars,Nashville Predators,3,2
546,2022020552,30,52,Minnesota Wild,Winnipeg Jets,4,1
547,2022020553,10,19,Toronto Maple Leafs,St. Louis Blues,5,4
548,2022020554,21,53,Colorado Avalanche,Arizona Coyotes,3,6
549,2022020555,22,20,Edmonton Oilers,Calgary Flames,2,1
550,2022020556,28,23,San Jose Sharks,Vancouver Canucks,2,6
551,2022020557,54,26,Vegas Golden Knights,Los Angeles Kings,2,4
552,2022020559,8,14,Montréal Canadiens,Tampa Bay Lightning,1,4
553,2022020558,6,1,Boston Bruins,New Jersey Devils,3,1
554,2022020560,17,5,Detroit Red Wings,Pittsburgh Penguins,5,4
555,2022020561,20,55,Calgary Flames,Seattle Kraken,3,2
556,2022020562,54,24,Vegas Golden Knights,Anaheim Ducks,2,3
557,2022020563,17,7,Detroit Red Wings,Buffalo Sabres,3,6
558,2022020564,8,13,Montréal Canadiens,Florida Panthers,2,7
559,2022020565,3,14,New York Rangers,Tampa Bay Lightning,1,2
560,2022020566,9,15,Ottawa Senators,Washington Capitals,4,3
561,2022020567,29,2,Columbus Blue Jackets,New York Islanders,1,2
562,2022020568,16,19,Chicago Blackhawks,St. Louis Blues,1,3
563,2022020569,25,30,Dallas Stars,Minnesota Wild,4,1
564,2022020570,23,52,Vancouver Canucks,Winnipeg Jets,2,4
565,2022020571,26,21,Los Angeles Kings,Colorado Avalanche,5,4
566,2022020572,10,53,Toronto Maple Leafs,Arizona Coyotes,3,6
567,2022020573,4,28,Philadelphia Flyers,San Jose Sharks,4,3
568,2022020574,18,24,Nashville Predators,Anaheim Ducks,6,1
569,2022020576,1,5,New Jersey Devils,Pittsburgh Penguins,4,2
570,2022020575,13,12,Florida Panthers,Carolina Hurricanes,0,4
571,2022020577,22,55,Edmonton Oilers,Seattle Kraken,7,2
572,2022020578,7,6,Buffalo Sabres,Boston Bruins,4,3
573,2022020583,16,29,Chicago Blackhawks,Columbus Blue Jackets,1,4
574,2022020579,18,54,Nashville Predators,Vegas Golden Knights,4,5
575,2022020580,8,15,Montréal Canadiens,Washington Capitals,2,9
576,2022020581,4,26,Philadelphia Flyers,Los Angeles Kings,4,2
577,2022020582,53,14,Arizona Coyotes,Tampa Bay Lightning,3,5
578,2022020589,30,19,Minnesota Wild,St. Louis Blues,5,2
579,2022020584,9,17,Ottawa Senators,Detroit Red Wings,2,4
580,2022020585,10,21,Toronto Maple Leafs,Colorado Avalanche,6,2
581,2022020586,28,25,San Jose Sharks,Dallas Stars,2,5
582,2022020587,23,20,Vancouver Canucks,Calgary Flames,2,3
583,2022020588,52,22,Winnipeg Jets,Edmonton Oilers,2,1
584,2022020590,12,1,Carolina Hurricanes,New Jersey Devils,5,4
585,2022020591,3,13,New York Rangers,Florida Panthers,5,3
586,2022020592,7,9,Buffalo Sabres,Ottawa Senators,1,3
587,2022020593,28,16,San Jose Sharks,Chicago Blackhawks,5,2
588,2022020594,2,55,New York Islanders,Seattle Kraken,1,4
589,2022020595,5,6,Pittsburgh Penguins,Boston Bruins,1,2
590,2022020596,54,21,Vegas Golden Knights,Colorado Avalanche,3,2
591,2022020597,4,24,Philadelphia Flyers,Anaheim Ducks,4,1
592,2022020598,53,13,Arizona Coyotes,Florida Panthers,3,5
593,2022020599,7,15,Buffalo Sabres,Washington Capitals,5,4
594,2022020600,12,3,Carolina Hurricanes,New York Rangers,3,5
595,2022020601,29,9,Columbus Blue Jackets,Ottawa Senators,0,4
596,2022020602,19,10,St. Louis Blues,Toronto Maple Leafs,6,5
597,2022020603,20,52,Calgary Flames,Winnipeg Jets,2,3
598,2022020604,8,18,Montréal Canadiens,Nashville Predators,3,6
599,2022020605,14,16,Tampa Bay Lightning,Chicago Blackhawks,4,1
600,2022020606,55,22,Seattle Kraken,Edmonton Oilers,5,2
601,2022020607,2,23,New York Islanders,Vancouver Canucks,6,2
602,2022020608,25,26,Dallas Stars,Los Angeles Kings,2,3
603,2022020609,1,17,New Jersey Devils,Detroit Red Wings,5,1
604,2022020610,14,30,Tampa Bay Lightning,Minnesota Wild,1,5
605,2022020611,25,24,Dallas Stars,Anaheim Ducks,0,2
606,2022020612,53,4,Arizona Coyotes,Philadelphia Flyers,2,6
607,2022020613,3,8,New York Rangers,Montréal Canadiens,4,1
608,2022020614,18,12,Nashville Predators,Carolina Hurricanes,5,3
609,2022020615,55,10,Seattle Kraken,Toronto Maple Leafs,5,1
610,2022020616,19,1,St. Louis Blues,New Jersey Devils,5,3
611,2022020617,15,29,Washington Capitals,Columbus Blue Jackets,6,2
612,2022020618,2,22,New York Islanders,Edmonton Oilers,2,4
613,2022020619,21,23,Colorado Avalanche,Vancouver Canucks,2,4
614,2022020620,5,54,Pittsburgh Penguins,Vegas Golden Knights,2,5
615,2022020621,6,26,Boston Bruins,Los Angeles Kings,5,2
616,2022020622,18,15,Nashville Predators,Washington Capitals,3,2
617,2022020623,13,17,Florida Panthers,Detroit Red Wings,3,2
618,2022020624,14,52,Tampa Bay Lightning,Winnipeg Jets,2,4
619,2022020625,53,16,Arizona Coyotes,Chicago Blackhawks,0,2
620,2022020626,2,20,New York Islanders,Calgary Flames,1,4
621,2022020627,28,24,San Jose Sharks,Anaheim Ducks,4,5
622,2022020628,3,1,New York Rangers,New Jersey Devils,3,4
623,2022020629,12,29,Carolina Hurricanes,Columbus Blue Jackets,3,4
624,2022020630,17,10,Detroit Red Wings,Toronto Maple Leafs,1,4
625,2022020631,30,7,Minnesota Wild,Buffalo Sabres,5,6
626,2022020632,55,9,Seattle Kraken,Ottawa Senators,8,4
627,2022020633,19,8,St. Louis Blues,Montréal Canadiens,4,5
628,2022020634,21,22,Colorado Avalanche,Edmonton Oilers,3,2
629,2022020635,26,54,Los Angeles Kings,Vegas Golden Knights,5,1
630,2022020636,6,28,Boston Bruins,San Jose Sharks,4,2
631,2022020638,23,52,Vancouver Canucks,Winnipeg Jets,4,7
632,2022020637,13,25,Florida Panthers,Dallas Stars,1,5
633,2022020639,29,15,Columbus Blue Jackets,Washington Capitals,0,1
634,2022020640,20,16,Calgary Flames,Chicago Blackhawks,3,4
635,2022020641,5,53,Pittsburgh Penguins,Arizona Coyotes,4,1
636,2022020642,19,30,St. Louis Blues,Minnesota Wild,3,0
637,2022020643,10,4,Toronto Maple Leafs,Philadelphia Flyers,6,2
638,2022020644,6,24,Boston Bruins,Anaheim Ducks,7,1
639,2022020990,4,7,Philadelphia Flyers,Buffalo Sabres,4,0
640,2022020645,18,9,Nashville Predators,Ottawa Senators,3,0
641,2022020646,55,8,Seattle Kraken,Montréal Canadiens,4,0
642,2022020647,22,26,Edmonton Oilers,Los Angeles Kings,3,6
643,2022020648,29,14,Columbus Blue Jackets,Tampa Bay Lightning,3,6
644,2022020649,30,3,Minnesota Wild,New York Rangers,3,4
645,2022020650,1,12,New Jersey Devils,Carolina Hurricanes,5,3
646,2022020651,55,7,Seattle Kraken,Buffalo Sabres,4,3
647,2022020652,23,5,Vancouver Canucks,Pittsburgh Penguins,4,5
648,2022020654,52,17,Winnipeg Jets,Detroit Red Wings,5,7
649,2022020653,25,2,Dallas Stars,New York Islanders,2,1
650,2022020655,20,19,Calgary Flames,St. Louis Blues,3,4
651,2022020657,28,53,San Jose Sharks,Arizona Coyotes,4,2
652,2022020656,13,21,Florida Panthers,Colorado Avalanche,5,4
653,2022020659,15,4,Washington Capitals,Philadelphia Flyers,3,5
654,2022020658,18,10,Nashville Predators,Toronto Maple Leafs,1,2
655,2022020660,22,24,Edmonton Oilers,Anaheim Ducks,6,2
656,2022020661,28,26,San Jose Sharks,Los Angeles Kings,3,4
657,2022020662,12,29,Carolina Hurricanes,Columbus Blue Jackets,6,2
658,2022020663,25,3,Dallas Stars,New York Rangers,1,2
659,2022020664,18,8,Nashville Predators,Montréal Canadiens,3,4
660,2022020665,55,6,Seattle Kraken,Boston Bruins,3,0
661,2022020666,10,17,Toronto Maple Leafs,Detroit Red Wings,1,4
662,2022020667,23,14,Vancouver Canucks,Tampa Bay Lightning,4,5
663,2022020668,52,7,Winnipeg Jets,Buffalo Sabres,4,2
664,2022020669,30,2,Minnesota Wild,New York Islanders,3,1
665,2022020670,20,19,Calgary Flames,St. Louis Blues,4,1
666,2022020671,21,16,Colorado Avalanche,Chicago Blackhawks,2,3
667,2022020672,9,53,Ottawa Senators,Arizona Coyotes,5,3
668,2022020673,13,54,Florida Panthers,Vegas Golden Knights,2,4
669,2022020674,52,5,Winnipeg Jets,Pittsburgh Penguins,4,1
670,2022020675,1,24,New Jersey Devils,Anaheim Ducks,6,2
671,2022020676,22,28,Edmonton Oilers,San Jose Sharks,7,1
672,2022020677,20,25,Calgary Flames,Dallas Stars,6,5
673,2022020678,29,17,Columbus Blue Jackets,Detroit Red Wings,4,3
674,2022020679,8,2,Montréal Canadiens,New York Islanders,1,2
675,2022020680,9,21,Ottawa Senators,Colorado Avalanche,0,7
676,2022020681,4,15,Philadelphia Flyers,Washington Capitals,3,1
677,2022020682,5,12,Pittsburgh Penguins,Carolina Hurricanes,1,2
678,2022020683,10,6,Toronto Maple Leafs,Boston Bruins,3,4
679,2022020684,23,13,Vancouver Canucks,Florida Panthers,3,4
680,2022020685,53,30,Arizona Coyotes,Minnesota Wild,1,2
681,2022020686,7,18,Buffalo Sabres,Nashville Predators,5,3
682,2022020687,55,16,Seattle Kraken,Chicago Blackhawks,8,5
683,2022020688,14,19,Tampa Bay Lightning,St. Louis Blues,4,2
684,2022020689,22,54,Edmonton Oilers,Vegas Golden Knights,4,3
685,2022020690,1,26,New Jersey Devils,Los Angeles Kings,5,2
686,2022020691,8,3,Montréal Canadiens,New York Rangers,2,1
687,2022020692,23,12,Vancouver Canucks,Carolina Hurricanes,4,3
688,2022020693,53,52,Arizona Coyotes,Winnipeg Jets,1,2
689,2022020694,13,7,Florida Panthers,Buffalo Sabres,4,1
690,2022020695,4,6,Philadelphia Flyers,Boston Bruins,0,6
691,2022020696,17,21,Detroit Red Wings,Colorado Avalanche,3,6
692,2022020697,1,28,New Jersey Devils,San Jose Sharks,4,3
693,2022020698,14,55,Tampa Bay Lightning,Seattle Kraken,4,1
694,2022020699,25,54,Dallas Stars,Vegas Golden Knights,4,0
695,2022020700,24,5,Anaheim Ducks,Pittsburgh Penguins,3,4
696,2022020701,3,29,New York Rangers,Columbus Blue Jackets,3,1
697,2022020702,15,2,Washington Capitals,New York Islanders,4,3
698,2022020703,20,18,Calgary Flames,Nashville Predators,1,2
699,2022020704,9,19,Ottawa Senators,St. Louis Blues,1,2
700,2022020705,24,4,Anaheim Ducks,Philadelphia Flyers,2,5
701,2022020706,13,10,Florida Panthers,Toronto Maple Leafs,4,5
702,2022020707,30,15,Minnesota Wild,Washington Capitals,4,2
703,2022020708,52,8,Winnipeg Jets,Montréal Canadiens,1,4
704,2022020338,29,18,Columbus Blue Jackets,Nashville Predators,1,2
705,2022020709,7,16,Buffalo Sabres,Chicago Blackhawks,3,4
706,2022020710,17,53,Detroit Red Wings,Arizona Coyotes,3,4
707,2022020711,55,22,Seattle Kraken,Edmonton Oilers,2,5
708,2022020712,5,9,Pittsburgh Penguins,Ottawa Senators,4,5
709,2022020713,6,2,Boston Bruins,New York Islanders,4,1
710,2022020714,21,20,Colorado Avalanche,Calgary Flames,4,1
711,2022020715,14,23,Tampa Bay Lightning,Vancouver Canucks,5,2
712,2022020716,25,28,Dallas Stars,San Jose Sharks,3,5
713,2022020717,24,29,Anaheim Ducks,Columbus Blue Jackets,5,3
714,2022020718,6,3,Boston Bruins,New York Rangers,3,1
715,2022020719,16,4,Chicago Blackhawks,Philadelphia Flyers,4,1
716,2022020720,13,8,Florida Panthers,Montréal Canadiens,6,2
717,2022020721,30,12,Minnesota Wild,Carolina Hurricanes,2,5
718,2022020723,52,10,Winnipeg Jets,Toronto Maple Leafs,1,4
719,2022020722,2,7,New York Islanders,Buffalo Sabres,2,3
720,2022020724,18,19,Nashville Predators,St. Louis Blues,2,5
721,2022020725,14,22,Tampa Bay Lightning,Edmonton Oilers,3,5
722,2022020726,15,53,Washington Capitals,Arizona Coyotes,4,0
723,2022020727,17,54,Detroit Red Wings,Vegas Golden Knights,3,2
724,2022020728,1,55,New Jersey Devils,Seattle Kraken,3,4
725,2022020729,25,26,Dallas Stars,Los Angeles Kings,4,0
726,2022020730,9,5,Ottawa Senators,Pittsburgh Penguins,1,4
727,2022020731,21,23,Colorado Avalanche,Vancouver Canucks,4,1
728,2022020732,24,7,Anaheim Ducks,Buffalo Sabres,3,6
729,2022020733,14,20,Tampa Bay Lightning,Calgary Flames,3,6
730,2022020734,30,13,Minnesota Wild,Florida Panthers,3,5
731,2022020735,4,17,Philadelphia Flyers,Detroit Red Wings,2,1
732,2022020736,28,29,San Jose Sharks,Columbus Blue Jackets,3,5
733,2022020737,10,8,Toronto Maple Leafs,Montréal Canadiens,2,3
734,2022020738,52,9,Winnipeg Jets,Ottawa Senators,5,1
735,2022020739,12,2,Carolina Hurricanes,New York Islanders,5,2
736,2022020740,53,25,Arizona Coyotes,Dallas Stars,0,4
737,2022020741,16,19,Chicago Blackhawks,St. Louis Blues,5,3
738,2022020742,26,18,Los Angeles Kings,Nashville Predators,3,5
739,2022020743,21,55,Colorado Avalanche,Seattle Kraken,2,1
740,2022020744,22,23,Edmonton Oilers,Vancouver Canucks,4,2
741,2022020745,15,54,Washington Capitals,Vegas Golden Knights,2,6
742,2022020746,5,1,Pittsburgh Penguins,New Jersey Devils,1,2
743,2022020747,26,16,Los Angeles Kings,Chicago Blackhawks,2,1
744,2022020748,28,6,San Jose Sharks,Boston Bruins,0,4
745,2022020749,52,4,Winnipeg Jets,Philadelphia Flyers,5,3
746,2022020750,54,53,Vegas Golden Knights,Arizona Coyotes,1,4
747,2022020751,13,3,Florida Panthers,New York Rangers,2,6
748,2022020752,2,10,New York Islanders,Toronto Maple Leafs,2,5
749,2022020753,7,25,Buffalo Sabres,Dallas Stars,3,2
750,2022020754,29,20,Columbus Blue Jackets,Calgary Flames,3,4
751,2022020755,6,8,Boston Bruins,Montréal Canadiens,4,2
752,2022020756,13,5,Florida Panthers,Pittsburgh Penguins,6,7
753,2022020757,26,4,Los Angeles Kings,Philadelphia Flyers,4,3
754,2022020758,30,14,Minnesota Wild,Tampa Bay Lightning,2,4
755,2022020760,28,17,San Jose Sharks,Detroit Red Wings,2,3
756,2022020759,54,1,Vegas Golden Knights,New Jersey Devils,2,3
757,2022020761,7,19,Buffalo Sabres,St. Louis Blues,5,3
758,2022020762,52,18,Winnipeg Jets,Nashville Predators,1,2
759,2022020763,24,53,Anaheim Ducks,Arizona Coyotes,5,2
760,2022020764,15,21,Washington Capitals,Colorado Avalanche,2,3
761,2022020765,16,23,Chicago Blackhawks,Vancouver Canucks,2,5
762,2022020766,2,9,New York Islanders,Ottawa Senators,1,2
763,2022020767,3,10,New York Rangers,Toronto Maple Leafs,2,3
764,2022020768,12,25,Carolina Hurricanes,Dallas Stars,3,2
765,2022020769,29,22,Columbus Blue Jackets,Edmonton Oilers,3,2
766,2022020770,23,55,Vancouver Canucks,Seattle Kraken,1,6
767,2022020771,6,14,Boston Bruins,Tampa Bay Lightning,2,3
768,2022020772,17,8,Detroit Red Wings,Montréal Canadiens,4,3
769,2022020773,5,15,Pittsburgh Penguins,Washington Capitals,2,3
770,2022020774,7,52,Buffalo Sabres,Winnipeg Jets,3,2
771,2022020775,1,18,New Jersey Devils,Nashville Predators,4,6
772,2022020778,4,30,Philadelphia Flyers,Minnesota Wild,2,3
773,2022020776,24,21,Anaheim Ducks,Colorado Avalanche,5,3
774,2022020777,16,20,Chicago Blackhawks,Calgary Flames,5,1
775,2022020779,19,53,St. Louis Blues,Arizona Coyotes,0,5
776,2022020780,17,2,Detroit Red Wings,New York Islanders,0,2
777,2022020781,26,13,Los Angeles Kings,Florida Panthers,4,3
778,2022020782,9,10,Ottawa Senators,Toronto Maple Leafs,6,2
779,2022020783,28,12,San Jose Sharks,Carolina Hurricanes,4,5
780,2022020784,54,3,Vegas Golden Knights,New York Rangers,1,4
781,2022020785,1,25,New Jersey Devils,Dallas Stars,3,2
782,2022020786,20,55,Calgary Flames,Seattle Kraken,5,2
783,2022020787,29,23,Columbus Blue Jackets,Vancouver Canucks,2,5
784,2022020788,19,21,St. Louis Blues,Colorado Avalanche,2,4
785,2022020789,6,13,Boston Bruins,Florida Panthers,3,4
786,2022020790,26,14,Los Angeles Kings,Tampa Bay Lightning,2,5
787,2022020791,8,9,Montréal Canadiens,Ottawa Senators,0,5
788,2022020792,4,52,Philadelphia Flyers,Winnipeg Jets,4,0
789,2022020793,28,5,San Jose Sharks,Pittsburgh Penguins,6,4
790,2022020794,54,2,Vegas Golden Knights,New York Islanders,1,2
791,2022020795,7,30,Buffalo Sabres,Minnesota Wild,2,3
792,2022020797,16,22,Chicago Blackhawks,Edmonton Oilers,3,7
793,2022020798,29,55,Columbus Blue Jackets,Seattle Kraken,1,3
794,2022020796,53,24,Arizona Coyotes,Anaheim Ducks,1,2
795,2022020799,6,12,Boston Bruins,Carolina Hurricanes,1,4
796,2022020800,15,10,Washington Capitals,Toronto Maple Leafs,1,5
797,2022020801,19,52,St. Louis Blues,Winnipeg Jets,2,4
798,2022020802,26,12,Los Angeles Kings,Carolina Hurricanes,4,5
799,2022020803,9,8,Ottawa Senators,Montréal Canadiens,5,4
800,2022020804,15,29,Washington Capitals,Columbus Blue Jackets,4,3
801,2022020805,12,7,Carolina Hurricanes,Buffalo Sabres,5,1
802,2022020806,6,10,Boston Bruins,Toronto Maple Leafs,5,2
803,2022020807,2,4,New York Islanders,Philadelphia Flyers,2,1
804,2022020808,14,13,Tampa Bay Lightning,Florida Panthers,1,7
805,2022020809,20,3,Calgary Flames,New York Rangers,4,5
806,2022020810,23,1,Vancouver Canucks,New Jersey Devils,4,5
807,2022020811,24,25,Anaheim Ducks,Dallas Stars,2,3
808,2022020812,30,53,Minnesota Wild,Arizona Coyotes,2,3
809,2022020813,21,5,Colorado Avalanche,Pittsburgh Penguins,1,2
810,2022020814,28,14,San Jose Sharks,Tampa Bay Lightning,4,3
811,2022020815,22,17,Edmonton Oilers,Detroit Red Wings,5,2
812,2022020816,55,2,Seattle Kraken,New York Islanders,0,4
813,2022020817,54,18,Vegas Golden Knights,Nashville Predators,5,1
814,2022020818,24,16,Anaheim Ducks,Chicago Blackhawks,3,2
815,2022020819,23,3,Vancouver Canucks,New York Rangers,3,4
816,2022020820,30,25,Minnesota Wild,Dallas Stars,1,4
817,2022020821,21,14,Colorado Avalanche,Tampa Bay Lightning,0,5
818,2022020822,22,4,Edmonton Oilers,Philadelphia Flyers,1,2
819,2022020823,28,13,San Jose Sharks,Florida Panthers,1,4
820,2022020824,55,1,Seattle Kraken,New Jersey Devils,1,3
821,2022020825,20,17,Calgary Flames,Detroit Red Wings,1,2
822,2022020826,23,2,Vancouver Canucks,New York Islanders,6,5
823,2022020827,54,30,Vegas Golden Knights,Minnesota Wild,5,1
824,2022020828,55,3,Seattle Kraken,New York Rangers,3,6
825,2022020829,10,29,Toronto Maple Leafs,Columbus Blue Jackets,3,0
826,2022020830,53,16,Arizona Coyotes,Chicago Blackhawks,3,4
827,2022020831,5,24,Pittsburgh Penguins,Anaheim Ducks,6,3
828,2022020832,23,17,Vancouver Canucks,Detroit Red Wings,2,5
829,2022020833,20,7,Calgary Flames,Buffalo Sabres,7,2
830,2022020834,22,9,Edmonton Oilers,Ottawa Senators,6,3
831,2022020835,2,8,New York Islanders,Montréal Canadiens,3,4
832,2022020836,18,4,Nashville Predators,Philadelphia Flyers,2,1
833,2022020837,14,25,Tampa Bay Lightning,Dallas Stars,3,1
834,2022020838,15,6,Washington Capitals,Boston Bruins,2,1
835,2022020839,21,13,Colorado Avalanche,Florida Panthers,5,3
836,2022020840,29,10,Columbus Blue Jackets,Toronto Maple Leafs,4,3
837,2022020841,3,12,New York Rangers,Carolina Hurricanes,6,2
838,2022020842,53,19,Arizona Coyotes,St. Louis Blues,5,6
839,2022020843,1,30,New Jersey Devils,Minnesota Wild,2,3
840,2022020844,16,52,Chicago Blackhawks,Winnipeg Jets,1,4
841,2022020845,5,26,Pittsburgh Penguins,Los Angeles Kings,0,6
842,2022020846,22,8,Edmonton Oilers,Montréal Canadiens,2,6
843,2022020848,55,4,Seattle Kraken,Philadelphia Flyers,4,3
844,2022020847,28,15,San Jose Sharks,Washington Capitals,4,1
845,2022020849,24,54,Anaheim Ducks,Vegas Golden Knights,2,7
846,2022020850,20,9,Calgary Flames,Ottawa Senators,3,4
847,2022020851,53,18,Arizona Coyotes,Nashville Predators,4,2
848,2022020852,13,30,Florida Panthers,Minnesota Wild,2,1
849,2022020853,17,23,Detroit Red Wings,Vancouver Canucks,6,1
850,2022020854,7,26,Buffalo Sabres,Los Angeles Kings,2,5
851,2022020855,12,15,Carolina Hurricanes,Washington Capitals,3,2
852,2022020856,16,8,Chicago Blackhawks,Montréal Canadiens,0,4
853,2022020857,1,29,New Jersey Devils,Columbus Blue Jackets,3,2
854,2022020858,9,2,Ottawa Senators,New York Islanders,3,2
855,2022020859,13,19,Florida Panthers,St. Louis Blues,2,6
856,2022020860,55,52,Seattle Kraken,Winnipeg Jets,2,3
857,2022020861,6,25,Boston Bruins,Dallas Stars,3,2
858,2022020862,14,21,Tampa Bay Lightning,Colorado Avalanche,4,3
859,2022020863,5,28,Pittsburgh Penguins,San Jose Sharks,3,1
860,2022020864,16,10,Chicago Blackhawks,Toronto Maple Leafs,2,5
861,2022020865,14,53,Tampa Bay Lightning,Arizona Coyotes,0,1
862,2022020866,21,30,Colorado Avalanche,Minnesota Wild,3,2
863,2022020867,17,22,Detroit Red Wings,Edmonton Oilers,5,4
864,2022020868,7,24,Buffalo Sabres,Anaheim Ducks,7,3
865,2022020869,3,23,New York Rangers,Vancouver Canucks,6,4
866,2022020870,13,15,Florida Panthers,Washington Capitals,6,3
867,2022020871,8,12,Montréal Canadiens,Carolina Hurricanes,2,6
868,2022020872,52,29,Winnipeg Jets,Columbus Blue Jackets,1,3
869,2022020873,6,18,Boston Bruins,Nashville Predators,5,0
870,2022020874,1,19,New Jersey Devils,St. Louis Blues,2,4
871,2022020875,17,20,Detroit Red Wings,Calgary Flames,5,2
872,2022020876,4,55,Philadelphia Flyers,Seattle Kraken,2,6
873,2022020877,28,54,San Jose Sharks,Vegas Golden Knights,1,2
874,2022020878,16,9,Chicago Blackhawks,Ottawa Senators,4,3
875,2022020879,5,2,Pittsburgh Penguins,New York Islanders,4,5
876,2022020880,25,30,Dallas Stars,Minnesota Wild,1,2
877,2022020881,3,22,New York Rangers,Edmonton Oilers,5,4
878,2022020882,26,24,Los Angeles Kings,Anaheim Ducks,6,3
879,2022020883,21,19,Colorado Avalanche,St. Louis Blues,4,1
880,2022020884,13,18,Florida Panthers,Nashville Predators,3,7
881,2022020885,2,6,New York Islanders,Boston Bruins,2,6
882,2022020886,1,5,New Jersey Devils,Pittsburgh Penguins,5,2
883,2022020887,29,25,Columbus Blue Jackets,Dallas Stars,4,1
884,2022020888,8,10,Montréal Canadiens,Toronto Maple Leafs,1,5
885,2022020889,15,12,Washington Capitals,Carolina Hurricanes,1,4
886,2022020890,3,20,New York Rangers,Calgary Flames,2,3
887,2022020891,4,23,Philadelphia Flyers,Vancouver Canucks,2,6
888,2022020892,53,26,Arizona Coyotes,Los Angeles Kings,5,6
889,2022020893,7,28,Buffalo Sabres,San Jose Sharks,4,2
890,2022020894,17,55,Detroit Red Wings,Seattle Kraken,2,4
891,2022020895,14,54,Tampa Bay Lightning,Vegas Golden Knights,4,5
892,2022020896,18,30,Nashville Predators,Minnesota Wild,3,4
893,2022020897,19,9,St. Louis Blues,Ottawa Senators,2,7
894,2022020898,22,21,Edmonton Oilers,Colorado Avalanche,5,6
895,2022020899,10,16,Toronto Maple Leafs,Chicago Blackhawks,3,5
896,2022020900,52,1,Winnipeg Jets,New Jersey Devils,2,4
897,2022020901,29,53,Columbus Blue Jackets,Arizona Coyotes,2,3
898,2022020902,24,13,Anaheim Ducks,Florida Panthers,3,4
899,2022020903,9,6,Ottawa Senators,Boston Bruins,1,3
900,2022020904,4,20,Philadelphia Flyers,Calgary Flames,4,3
901,2022020905,55,28,Seattle Kraken,San Jose Sharks,0,4
902,2022020906,2,5,New York Islanders,Pittsburgh Penguins,4,2
903,2022020907,52,3,Winnipeg Jets,New York Rangers,4,1
904,2022020908,24,14,Anaheim Ducks,Tampa Bay Lightning,1,6
905,2022020909,17,15,Detroit Red Wings,Washington Capitals,3,1
906,2022020910,8,1,Montréal Canadiens,New Jersey Devils,5,2
907,2022020911,19,12,St. Louis Blues,Carolina Hurricanes,1,4
908,2022020912,10,7,Toronto Maple Leafs,Buffalo Sabres,6,3
909,2022020913,26,30,Los Angeles Kings,Minnesota Wild,1,2
910,2022020914,23,18,Vancouver Canucks,Nashville Predators,4,5
911,2022020915,54,16,Vegas Golden Knights,Chicago Blackhawks,2,3
912,2022020916,4,22,Philadelphia Flyers,Edmonton Oilers,2,4
913,2022020917,52,2,Winnipeg Jets,New York Islanders,1,2
914,2022020918,16,25,Chicago Blackhawks,Dallas Stars,4,3
915,2022020919,20,53,Calgary Flames,Arizona Coyotes,6,3
916,2022020920,24,15,Anaheim Ducks,Washington Capitals,4,2
917,2022020921,7,14,Buffalo Sabres,Tampa Bay Lightning,6,5
918,2022020922,22,5,Edmonton Oilers,Pittsburgh Penguins,7,2
919,2022020923,26,1,Los Angeles Kings,New Jersey Devils,3,4
920,2022020924,30,29,Minnesota Wild,Columbus Blue Jackets,2,0
921,2022020925,3,17,New York Rangers,Detroit Red Wings,1,4
922,2022020926,23,19,Vancouver Canucks,St. Louis Blues,3,2
923,2022020928,20,54,Calgary Flames,Vegas Golden Knights,3,4
924,2022020927,6,55,Boston Bruins,Seattle Kraken,6,5
925,2022020929,18,28,Nashville Predators,San Jose Sharks,6,2
926,2022020930,7,13,Buffalo Sabres,Florida Panthers,3,1
927,2022020931,30,10,Minnesota Wild,Toronto Maple Leafs,1,2
928,2022020932,8,4,Montréal Canadiens,Philadelphia Flyers,5,2
929,2022020933,9,12,Ottawa Senators,Carolina Hurricanes,0,4
930,2022020934,26,2,Los Angeles Kings,New York Islanders,3,2
931,2022020935,21,52,Colorado Avalanche,Winnipeg Jets,5,1
932,2022020936,22,29,Edmonton Oilers,Columbus Blue Jackets,5,6
933,2022020937,3,15,New York Rangers,Washington Capitals,3,6
934,2022020943,5,19,Pittsburgh Penguins,St. Louis Blues,3,2
935,2022020938,24,12,Anaheim Ducks,Carolina Hurricanes,3,2
936,2022020939,6,23,Boston Bruins,Vancouver Canucks,3,1
937,2022020940,9,8,Ottawa Senators,Montréal Canadiens,5,2
938,2022020941,4,1,Philadelphia Flyers,New Jersey Devils,0,7
939,2022020942,14,17,Tampa Bay Lightning,Detroit Red Wings,3,0
940,2022020944,20,21,Calgary Flames,Colorado Avalanche,1,4
941,2022020945,25,54,Dallas Stars,Vegas Golden Knights,3,2
942,2022020946,16,28,Chicago Blackhawks,San Jose Sharks,4,3
943,2022020947,15,7,Washington Capitals,Buffalo Sabres,4,7
944,2022020948,29,30,Columbus Blue Jackets,Minnesota Wild,2,3
945,2022020949,2,52,New York Islanders,Winnipeg Jets,4,0
946,2022020950,26,3,Los Angeles Kings,New York Rangers,2,5
947,2022020951,14,5,Tampa Bay Lightning,Pittsburgh Penguins,3,7
948,2022020952,18,53,Nashville Predators,Arizona Coyotes,6,2
949,2022020953,10,55,Toronto Maple Leafs,Seattle Kraken,5,1
950,2022020534,17,9,Detroit Red Wings,Ottawa Senators,2,6
951,2022020954,6,22,Boston Bruins,Edmonton Oilers,3,2
952,2022020955,23,25,Vancouver Canucks,Dallas Stars,5,4
953,2022020956,54,21,Vegas Golden Knights,Colorado Avalanche,0,3
954,2022020957,16,24,Chicago Blackhawks,Anaheim Ducks,2,4
955,2022020959,17,9,Detroit Red Wings,Ottawa Senators,1,6
956,2022020960,13,14,Florida Panthers,Tampa Bay Lightning,4,1
957,2022020958,29,7,Columbus Blue Jackets,Buffalo Sabres,5,3
958,2022020961,26,52,Los Angeles Kings,Winnipeg Jets,6,5
959,2022020962,2,30,New York Islanders,Minnesota Wild,1,2
960,2022020963,5,18,Pittsburgh Penguins,Nashville Predators,3,1
961,2022020964,55,19,Seattle Kraken,St. Louis Blues,5,3
962,2022020965,6,20,Boston Bruins,Calgary Flames,4,3
963,2022020966,16,53,Chicago Blackhawks,Arizona Coyotes,1,4
964,2022020967,8,28,Montréal Canadiens,San Jose Sharks,3,1
965,2022020968,3,4,New York Rangers,Philadelphia Flyers,3,2
966,2022020969,10,22,Toronto Maple Leafs,Edmonton Oilers,2,5
967,2022020970,53,25,Arizona Coyotes,Dallas Stars,2,4
968,2022020971,1,21,New Jersey Devils,Colorado Avalanche,7,5
969,2022020972,12,54,Carolina Hurricanes,Vegas Golden Knights,2,3
970,2022020973,15,24,Washington Capitals,Anaheim Ducks,3,2
971,2022020974,7,6,Buffalo Sabres,Boston Bruins,1,7
972,2022020975,18,13,Nashville Predators,Florida Panthers,2,1
973,2022020976,9,3,Ottawa Senators,New York Rangers,5,3
974,2022020977,5,14,Pittsburgh Penguins,Tampa Bay Lightning,5,4
975,2022020978,55,17,Seattle Kraken,Detroit Red Wings,5,4
976,2022020979,25,16,Dallas Stars,Chicago Blackhawks,5,2
977,2022020980,10,20,Toronto Maple Leafs,Calgary Flames,2,1
978,2022020981,30,23,Minnesota Wild,Vancouver Canucks,2,1
979,2022020982,8,26,Montréal Canadiens,Los Angeles Kings,2,3
980,2022020983,19,28,St. Louis Blues,San Jose Sharks,6,3
981,2022020984,55,29,Seattle Kraken,Columbus Blue Jackets,4,2
982,2022020985,52,22,Winnipeg Jets,Edmonton Oilers,3,6
983,2022020986,12,53,Carolina Hurricanes,Arizona Coyotes,6,1
984,2022020987,8,24,Montréal Canadiens,Anaheim Ducks,2,3
985,2022020988,1,54,New Jersey Devils,Vegas Golden Knights,3,4
986,2022020536,14,7,Tampa Bay Lightning,Buffalo Sabres,3,5
987,2022020989,17,2,Detroit Red Wings,New York Islanders,1,4
988,2022020991,3,6,New York Rangers,Boston Bruins,2,4
989,2022020997,21,25,Colorado Avalanche,Dallas Stars,3,7
990,2022020992,5,13,Pittsburgh Penguins,Florida Panthers,1,4
991,2022020993,15,28,Washington Capitals,San Jose Sharks,8,3
992,2022020994,29,9,Columbus Blue Jackets,Ottawa Senators,2,5
993,2022020995,22,52,Edmonton Oilers,Winnipeg Jets,5,7
994,2022020996,10,23,Toronto Maple Leafs,Vancouver Canucks,1,4
995,2022020998,18,16,Nashville Predators,Chicago Blackhawks,3,1
996,2022020999,30,20,Minnesota Wild,Calgary Flames,3,0
997,2022021000,19,26,St. Louis Blues,Los Angeles Kings,2,4
998,2022021001,14,12,Tampa Bay Lightning,Carolina Hurricanes,0,6
999,2022021002,17,4,Detroit Red Wings,Philadelphia Flyers,1,3
1000,2022021003,8,54,Montréal Canadiens,Vegas Golden Knights,3,4
1001,2022021004,1,53,New Jersey Devils,Arizona Coyotes,5,4
1002,2022021005,55,21,Seattle Kraken,Colorado Avalanche,3,2
1003,2022021006,22,7,Edmonton Oilers,Buffalo Sabres,3,2
1004,2022021007,28,52,San Jose Sharks,Winnipeg Jets,3,2
1005,2022021008,20,25,Calgary Flames,Dallas Stars,5,4
1006,2022021009,9,16,Ottawa Senators,Chicago Blackhawks,0,5
1007,2022021010,18,23,Nashville Predators,Vancouver Canucks,3,4
1008,2022021011,15,26,Washington Capitals,Los Angeles Kings,2,4
1009,2022021012,12,8,Carolina Hurricanes,Montréal Canadiens,4,3
1010,2022021013,29,5,Columbus Blue Jackets,Pittsburgh Penguins,4,5
1011,2022021014,4,14,Philadelphia Flyers,Tampa Bay Lightning,2,5
1012,2022021015,10,1,Toronto Maple Leafs,New Jersey Devils,4,3
1013,2022021016,54,13,Vegas Golden Knights,Florida Panthers,1,2
1014,2022021017,7,2,Buffalo Sabres,New York Islanders,2,3
1015,2022021018,20,30,Calgary Flames,Minnesota Wild,1,0
1016,2022021019,28,21,San Jose Sharks,Colorado Avalanche,0,6
1017,2022021020,19,53,St. Louis Blues,Arizona Coyotes,2,6
1018,2022021021,24,55,Anaheim Ducks,Seattle Kraken,2,5
1019,2022021022,16,17,Chicago Blackhawks,Detroit Red Wings,3,4
1020,2022021023,30,52,Minnesota Wild,Winnipeg Jets,4,2
1021,2022021024,24,23,Anaheim Ducks,Vancouver Canucks,2,3
1022,2022021025,25,7,Dallas Stars,Buffalo Sabres,10,4
1023,2022021027,2,5,New York Islanders,Pittsburgh Penguins,4,3
1024,2022021028,3,8,New York Rangers,Montréal Canadiens,4,3
1025,2022021029,1,15,New Jersey Devils,Washington Capitals,3,2
1026,2022021030,4,12,Philadelphia Flyers,Carolina Hurricanes,0,1
1027,2022021031,54,14,Vegas Golden Knights,Tampa Bay Lightning,4,3
1028,2022021026,22,6,Edmonton Oilers,Boston Bruins,3,2
1029,2022021032,28,19,San Jose Sharks,St. Louis Blues,2,4
1030,2022021033,26,21,Los Angeles Kings,Colorado Avalanche,5,2
1031,2022021034,18,53,Nashville Predators,Arizona Coyotes,1,4
1032,2022021035,9,55,Ottawa Senators,Seattle Kraken,5,4
1033,2022021036,16,13,Chicago Blackhawks,Florida Panthers,3,4
1034,2022021037,24,20,Anaheim Ducks,Calgary Flames,3,1
1035,2022021038,17,6,Detroit Red Wings,Boston Bruins,2,3
1036,2022021039,4,5,Philadelphia Flyers,Pittsburgh Penguins,1,5
1037,2022021040,3,7,New York Rangers,Buffalo Sabres,2,1
1038,2022021041,53,21,Arizona Coyotes,Colorado Avalanche,2,3
1039,2022021042,16,14,Chicago Blackhawks,Tampa Bay Lightning,1,3
1040,2022021043,22,10,Edmonton Oilers,Toronto Maple Leafs,4,7
1041,2022021044,1,8,New Jersey Devils,Montréal Canadiens,3,1
1042,2022021045,19,29,St. Louis Blues,Columbus Blue Jackets,5,2
1043,2022021046,54,12,Vegas Golden Knights,Carolina Hurricanes,4,0
1044,2022021047,52,13,Winnipeg Jets,Florida Panthers,5,4
1045,2022021048,15,2,Washington Capitals,New York Islanders,5,1
1046,2022021049,25,55,Dallas Stars,Seattle Kraken,4,3
1047,2022021050,9,23,Ottawa Senators,Vancouver Canucks,2,5
1048,2022021051,30,28,Minnesota Wild,San Jose Sharks,5,2
1049,2022021052,18,26,Nashville Predators,Los Angeles Kings,2,1
1050,2022021053,6,17,Boston Bruins,Detroit Red Wings,3,5
1051,2022021054,3,5,New York Rangers,Pittsburgh Penguins,2,3
1052,2022021055,12,1,Carolina Hurricanes,New Jersey Devils,0,3
1053,2022021056,54,19,Vegas Golden Knights,St. Louis Blues,5,3
1054,2022021057,52,14,Winnipeg Jets,Tampa Bay Lightning,3,2
1055,2022021059,9,20,Ottawa Senators,Calgary Flames,1,5
1056,2022021058,30,53,Minnesota Wild,Arizona Coyotes,4,5
1057,2022021060,18,24,Nashville Predators,Anaheim Ducks,5,4
1058,2022021061,7,10,Buffalo Sabres,Toronto Maple Leafs,4,3
1059,2022021062,21,8,Colorado Avalanche,Montréal Canadiens,8,4
1060,2022021063,25,55,Dallas Stars,Seattle Kraken,5,2
1061,2022021064,8,5,Montréal Canadiens,Pittsburgh Penguins,6,4
1062,2022021065,14,1,Tampa Bay Lightning,New Jersey Devils,4,1
1063,2022021066,54,4,Vegas Golden Knights,Philadelphia Flyers,5,3
1064,2022021067,15,3,Washington Capitals,New York Rangers,3,5
1065,2022021068,52,12,Winnipeg Jets,Carolina Hurricanes,3,5
1066,2022021069,17,18,Detroit Red Wings,Nashville Predators,1,2
1067,2022021070,6,16,Boston Bruins,Chicago Blackhawks,3,6
1068,2022021071,9,22,Ottawa Senators,Edmonton Oilers,3,6
1069,2022021072,20,53,Calgary Flames,Arizona Coyotes,3,4
1070,2022021073,25,23,Dallas Stars,Vancouver Canucks,2,5
1071,2022021074,29,28,Columbus Blue Jackets,San Jose Sharks,6,5
1072,2022021075,2,26,New York Islanders,Los Angeles Kings,2,5
1073,2022021076,7,15,Buffalo Sabres,Washington Capitals,4,5
1074,2022021077,21,10,Colorado Avalanche,Toronto Maple Leafs,2,1
1075,2022021078,30,19,Minnesota Wild,St. Louis Blues,8,5
1076,2022021079,2,24,New York Islanders,Anaheim Ducks,6,3
1077,2022021080,21,9,Colorado Avalanche,Ottawa Senators,5,4
1078,2022021081,8,13,Montréal Canadiens,Florida Panthers,5,9
1079,2022021082,5,3,Pittsburgh Penguins,New York Rangers,2,4
1080,2022021083,14,1,Tampa Bay Lightning,New Jersey Devils,4,3
1081,2022021084,6,52,Boston Bruins,Winnipeg Jets,3,0
1082,2022021085,16,18,Chicago Blackhawks,Nashville Predators,2,1
1083,2022021086,25,22,Dallas Stars,Edmonton Oilers,1,4
1084,2022021087,20,54,Calgary Flames,Vegas Golden Knights,7,2
1085,2022021088,23,53,Vancouver Canucks,Arizona Coyotes,2,3
1086,2022021089,29,26,Columbus Blue Jackets,Los Angeles Kings,1,4
1087,2022021090,55,28,Seattle Kraken,San Jose Sharks,2,1
1088,2022021091,7,4,Buffalo Sabres,Philadelphia Flyers,2,5
1089,2022021092,12,10,Carolina Hurricanes,Toronto Maple Leafs,2,5
1090,2022021093,19,15,St. Louis Blues,Washington Capitals,5,2
1091,2022021094,29,24,Columbus Blue Jackets,Anaheim Ducks,4,7
1092,2022021095,21,17,Colorado Avalanche,Detroit Red Wings,5,1
1093,2022021096,6,30,Boston Bruins,Minnesota Wild,5,2
1094,2022021097,52,18,Winnipeg Jets,Nashville Predators,3,2
1095,2022021098,22,55,Edmonton Oilers,Seattle Kraken,6,4
1096,2022021099,12,4,Carolina Hurricanes,Philadelphia Flyers,5,4
1097,2022021100,1,13,New Jersey Devils,Florida Panthers,2,4
1098,2022021101,8,14,Montréal Canadiens,Tampa Bay Lightning,3,5
1099,2022021102,10,9,Toronto Maple Leafs,Ottawa Senators,5,4
1100,2022021103,5,3,Pittsburgh Penguins,New York Rangers,0,6
1101,2022021104,25,20,Dallas Stars,Calgary Flames,6,5
1102,2022021105,23,26,Vancouver Canucks,Los Angeles Kings,3,2
1103,2022021106,16,53,Chicago Blackhawks,Arizona Coyotes,2,4
1104,2022021107,2,28,New York Islanders,San Jose Sharks,4,1
1105,2022021108,6,7,Boston Bruins,Buffalo Sabres,7,0
1106,2022021109,15,30,Washington Capitals,Minnesota Wild,3,5
1107,2022021110,29,54,Columbus Blue Jackets,Vegas Golden Knights,2,7
1108,2022021111,18,3,Nashville Predators,New York Rangers,0,7
1109,2022021112,1,14,New Jersey Devils,Tampa Bay Lightning,5,2
1110,2022021113,52,19,Winnipeg Jets,St. Louis Blues,0,3
1111,2022021114,23,24,Vancouver Canucks,Anaheim Ducks,2,1
1112,2022021115,9,5,Ottawa Senators,Pittsburgh Penguins,2,1
1113,2022021116,13,17,Florida Panthers,Detroit Red Wings,5,2
1114,2022021117,16,21,Chicago Blackhawks,Colorado Avalanche,0,5
1115,2022021118,28,22,San Jose Sharks,Edmonton Oilers,4,5
1116,2022021119,20,26,Calgary Flames,Los Angeles Kings,2,8
1117,2022021120,12,3,Carolina Hurricanes,New York Rangers,3,2
1118,2022021121,29,15,Columbus Blue Jackets,Washington Capitals,7,6
1119,2022021122,13,4,Florida Panthers,Philadelphia Flyers,3,6
1120,2022021123,30,1,Minnesota Wild,New Jersey Devils,2,1
1121,2022021124,18,7,Nashville Predators,Buffalo Sabres,7,3
1122,2022021125,9,6,Ottawa Senators,Boston Bruins,1,2
1123,2022021126,14,8,Tampa Bay Lightning,Montréal Canadiens,2,3
1124,2022021127,10,2,Toronto Maple Leafs,New York Islanders,2,7
1125,2022021128,53,52,Arizona Coyotes,Winnipeg Jets,1,2
1126,2022021129,17,19,Detroit Red Wings,St. Louis Blues,3,2
1127,2022021130,55,25,Seattle Kraken,Dallas Stars,5,4
1128,2022021131,20,24,Calgary Flames,Anaheim Ducks,5,1
1129,2022021132,54,23,Vegas Golden Knights,Vancouver Canucks,4,3
1130,2022021133,5,21,Pittsburgh Penguins,Colorado Avalanche,5,2
1131,2022021134,53,22,Arizona Coyotes,Edmonton Oilers,3,4
1132,2022021136,30,4,Minnesota Wild,Philadelphia Flyers,4,5
1133,2022021135,16,15,Chicago Blackhawks,Washington Capitals,1,6
1134,2022021137,8,6,Montréal Canadiens,Boston Bruins,2,4
1135,2022021138,3,12,New York Rangers,Carolina Hurricanes,2,1
1136,2022021139,14,9,Tampa Bay Lightning,Ottawa Senators,2,7
1137,2022021140,10,13,Toronto Maple Leafs,Florida Panthers,6,2
1138,2022021141,19,17,St. Louis Blues,Detroit Red Wings,4,3
1139,2022021142,55,18,Seattle Kraken,Nashville Predators,1,2
1140,2022021143,5,25,Pittsburgh Penguins,Dallas Stars,2,3
1141,2022021144,54,20,Vegas Golden Knights,Calgary Flames,3,2
1142,2022021145,28,23,San Jose Sharks,Vancouver Canucks,2,7
1143,2022021146,52,24,Winnipeg Jets,Anaheim Ducks,3,2
1144,2022021147,2,29,New York Islanders,Columbus Blue Jackets,4,5
1145,2022021148,1,7,New Jersey Devils,Buffalo Sabres,4,5
1146,2022021149,53,21,Arizona Coyotes,Colorado Avalanche,1,3
1147,2022021150,17,4,Detroit Red Wings,Philadelphia Flyers,0,3
1148,2022021151,14,6,Tampa Bay Lightning,Boston Bruins,1,2
1149,2022021152,55,18,Seattle Kraken,Nashville Predators,7,2
1150,2022021153,28,20,San Jose Sharks,Calgary Flames,3,5
1151,2022021154,52,26,Winnipeg Jets,Los Angeles Kings,1,4
1152,2022021155,16,30,Chicago Blackhawks,Minnesota Wild,1,3
1153,2022021156,3,13,New York Rangers,Florida Panthers,4,3
1154,2022021157,7,2,Buffalo Sabres,New York Islanders,2,0
1155,2022021158,29,8,Columbus Blue Jackets,Montréal Canadiens,2,8
1156,2022021159,9,1,Ottawa Senators,New Jersey Devils,3,5
1157,2022021160,10,12,Toronto Maple Leafs,Carolina Hurricanes,3,5
1158,2022021161,23,25,Vancouver Canucks,Dallas Stars,3,1
1159,2022021162,15,5,Washington Capitals,Pittsburgh Penguins,3,4
1160,2022021163,54,22,Vegas Golden Knights,Edmonton Oilers,4,3
1161,2022021164,19,24,St. Louis Blues,Anaheim Ducks,6,3
1162,2022021165,21,53,Colorado Avalanche,Arizona Coyotes,4,3
1163,2022021166,6,12,Boston Bruins,Carolina Hurricanes,4,3
1164,2022021167,10,18,Toronto Maple Leafs,Nashville Predators,3,2
1165,2022021168,23,16,Vancouver Canucks,Chicago Blackhawks,4,2
1166,2022021169,19,26,St. Louis Blues,Los Angeles Kings,6,7
1167,2022021170,13,9,Florida Panthers,Ottawa Senators,2,5
1168,2022021171,8,7,Montréal Canadiens,Buffalo Sabres,4,3
1169,2022021172,1,2,New Jersey Devils,New York Islanders,1,5
1170,2022021173,55,30,Seattle Kraken,Minnesota Wild,1,5
1171,2022021174,21,24,Colorado Avalanche,Anaheim Ducks,5,1
1172,2022021175,22,53,Edmonton Oilers,Arizona Coyotes,5,4
1173,2022021176,29,3,Columbus Blue Jackets,New York Rangers,2,6
1174,2022021177,8,4,Montréal Canadiens,Philadelphia Flyers,2,3
1175,2022021178,18,6,Nashville Predators,Boston Bruins,2,1
1176,2022021179,14,12,Tampa Bay Lightning,Carolina Hurricanes,4,0
1177,2022021180,5,17,Pittsburgh Penguins,Detroit Red Wings,4,7
1178,2022021181,23,19,Vancouver Canucks,St. Louis Blues,5,6
1179,2022021182,25,16,Dallas Stars,Chicago Blackhawks,4,1
1180,2022021183,26,20,Los Angeles Kings,Calgary Flames,1,2
1181,2022021184,22,54,Edmonton Oilers,Vegas Golden Knights,7,4
1182,2022021185,52,28,Winnipeg Jets,San Jose Sharks,0,3
1183,2022021186,13,10,Florida Panthers,Toronto Maple Leafs,3,2
1184,2022021187,2,15,New York Islanders,Washington Capitals,2,1
1185,2022021188,30,21,Minnesota Wild,Colorado Avalanche,4,2
1186,2022021189,29,6,Columbus Blue Jackets,Boston Bruins,1,2
1187,2022021190,13,8,Florida Panthers,Montréal Canadiens,5,2
1188,2022021191,3,1,New York Rangers,New Jersey Devils,1,2
1189,2022021192,18,5,Nashville Predators,Pittsburgh Penguins,0,2
1190,2022021193,4,9,Philadelphia Flyers,Ottawa Senators,4,5
1191,2022021194,15,14,Washington Capitals,Tampa Bay Lightning,1,5
1192,2022021195,12,17,Carolina Hurricanes,Detroit Red Wings,2,3
1193,2022021196,19,16,St. Louis Blues,Chicago Blackhawks,5,3
1194,2022021197,26,22,Los Angeles Kings,Edmonton Oilers,0,2
1195,2022021198,24,55,Anaheim Ducks,Seattle Kraken,1,4
1196,2022021199,54,28,Vegas Golden Knights,San Jose Sharks,3,4
1197,2022021200,3,7,New York Rangers,Buffalo Sabres,2,3
1198,2022021201,17,52,Detroit Red Wings,Winnipeg Jets,2,6
1199,2022021202,20,23,Calgary Flames,Vancouver Canucks,5,4
1200,2022021203,25,53,Dallas Stars,Arizona Coyotes,5,2
1201,2022021204,19,18,St. Louis Blues,Nashville Predators,1,6
1202,2022021205,6,5,Boston Bruins,Pittsburgh Penguins,4,3
1203,2022021206,7,4,Buffalo Sabres,Philadelphia Flyers,6,3
1204,2022021207,12,8,Carolina Hurricanes,Montréal Canadiens,3,0
1205,2022021208,13,29,Florida Panthers,Columbus Blue Jackets,7,0
1206,2022021209,2,14,New York Islanders,Tampa Bay Lightning,0,5
1207,2022021210,10,9,Toronto Maple Leafs,Ottawa Senators,3,0
1208,2022021211,1,16,New Jersey Devils,Chicago Blackhawks,6,3
1209,2022021212,25,21,Dallas Stars,Colorado Avalanche,2,5
1210,2022021213,24,22,Anaheim Ducks,Edmonton Oilers,0,6
1211,2022021214,26,55,Los Angeles Kings,Seattle Kraken,3,1
1212,2022021215,30,54,Minnesota Wild,Vegas Golden Knights,1,4
1213,2022021216,28,53,San Jose Sharks,Arizona Coyotes,7,2
1214,2022021217,3,15,New York Rangers,Washington Capitals,5,2
1215,2022021218,6,19,Boston Bruins,St. Louis Blues,4,3
1216,2022021219,2,12,New York Islanders,Carolina Hurricanes,1,2
1217,2022021220,9,29,Ottawa Senators,Columbus Blue Jackets,3,4
1218,2022021221,4,5,Philadelphia Flyers,Pittsburgh Penguins,2,4
1219,2022021222,17,10,Detroit Red Wings,Toronto Maple Leafs,5,2
1220,2022021223,1,52,New Jersey Devils,Winnipeg Jets,1,6
1221,2022021224,24,20,Anaheim Ducks,Calgary Flames,4,5
1222,2022021225,26,23,Los Angeles Kings,Vancouver Canucks,4,1
1223,2022021226,54,30,Vegas Golden Knights,Minnesota Wild,4,3
1224,2022021227,18,25,Nashville Predators,Dallas Stars,1,5
1225,2022021228,53,55,Arizona Coyotes,Seattle Kraken,1,8
1226,2022021229,7,13,Buffalo Sabres,Florida Panthers,1,2
1227,2022021230,29,10,Columbus Blue Jackets,Toronto Maple Leafs,2,4
1228,2022021231,17,8,Detroit Red Wings,Montréal Canadiens,5,0
1229,2022021232,9,12,Ottawa Senators,Carolina Hurricanes,2,3
1230,2022021233,5,1,Pittsburgh Penguins,New Jersey Devils,1,5
1231,2022021234,4,19,Philadelphia Flyers,St. Louis Blues,2,4
1232,2022021235,54,18,Vegas Golden Knights,Nashville Predators,2,3
1233,2022021236,16,20,Chicago Blackhawks,Calgary Flames,4,3
1234,2022021238,55,23,Seattle Kraken,Vancouver Canucks,5,2
1235,2022021237,22,26,Edmonton Oilers,Los Angeles Kings,3,1
1236,2022021239,21,28,Colorado Avalanche,San Jose Sharks,4,3
1237,2022021240,20,52,Calgary Flames,Winnipeg Jets,3,1
1238,2022021241,14,3,Tampa Bay Lightning,New York Rangers,3,6
1239,2022021242,22,24,Edmonton Oilers,Anaheim Ducks,3,1
1240,2022021243,29,1,Columbus Blue Jackets,New Jersey Devils,1,8
1241,2022021244,30,5,Minnesota Wild,Pittsburgh Penguins,1,4
1242,2022021245,9,13,Ottawa Senators,Florida Panthers,2,7
1243,2022021246,10,6,Toronto Maple Leafs,Boston Bruins,1,2
1244,2022021247,15,8,Washington Capitals,Montréal Canadiens,2,6
1245,2022021248,7,17,Buffalo Sabres,Detroit Red Wings,7,6
1246,2022021249,14,2,Tampa Bay Lightning,New York Islanders,1,6
1247,2022021250,12,18,Carolina Hurricanes,Nashville Predators,0,3
1248,2022021251,3,19,New York Rangers,St. Louis Blues,2,3
1249,2022021252,4,25,Philadelphia Flyers,Dallas Stars,1,4
1250,2022021254,16,23,Chicago Blackhawks,Vancouver Canucks,0,3
1251,2022021255,26,54,Los Angeles Kings,Vegas Golden Knights,2,5
1252,2022021253,53,55,Arizona Coyotes,Seattle Kraken,2,4
1253,2022021256,21,28,Colorado Avalanche,San Jose Sharks,6,2
1254,2022021257,12,7,Carolina Hurricanes,Buffalo Sabres,3,4
1255,2022021266,5,17,Pittsburgh Penguins,Detroit Red Wings,5,1
1256,2022021269,54,25,Vegas Golden Knights,Dallas Stars,1,2
1257,2022021259,22,28,Edmonton Oilers,San Jose Sharks,6,1
1258,2022021260,24,53,Anaheim Ducks,Arizona Coyotes,4,5
1259,2022021261,13,15,Florida Panthers,Washington Capitals,4,2
1260,2022021262,8,10,Montréal Canadiens,Toronto Maple Leafs,1,7
1261,2022021263,3,29,New York Rangers,Columbus Blue Jackets,4,0
1262,2022021264,18,52,Nashville Predators,Winnipeg Jets,0,2
1263,2022021267,14,9,Tampa Bay Lightning,Ottawa Senators,4,7
1264,2022021268,4,2,Philadelphia Flyers,New York Islanders,0,4
1265,2022021258,19,30,St. Louis Blues,Minnesota Wild,3,5
1266,2022021265,1,6,New Jersey Devils,Boston Bruins,1,2
1267,2022021270,20,23,Calgary Flames,Vancouver Canucks,2,3
1268,2022021271,16,55,Chicago Blackhawks,Seattle Kraken,3,7
1269,2022021272,21,26,Colorado Avalanche,Los Angeles Kings,4,3
1270,2022021273,6,4,Boston Bruins,Philadelphia Flyers,5,3
1271,2022021274,21,24,Colorado Avalanche,Anaheim Ducks,5,4
1272,2022021275,7,3,Buffalo Sabres,New York Rangers,3,2
1273,2022021276,12,9,Carolina Hurricanes,Ottawa Senators,2,3
1274,2022021277,2,15,New York Islanders,Washington Capitals,2,5
1275,2022021278,28,52,San Jose Sharks,Winnipeg Jets,2,6
1276,2022021279,10,13,Toronto Maple Leafs,Florida Panthers,2,1
1277,2022021280,25,17,Dallas Stars,Detroit Red Wings,6,1
1278,2022021281,30,16,Minnesota Wild,Chicago Blackhawks,4,2
1279,2022021282,18,20,Nashville Predators,Calgary Flames,3,2
1280,2022021283,55,53,Seattle Kraken,Arizona Coyotes,4,1
1281,2022021284,23,26,Vancouver Canucks,Los Angeles Kings,0,3
1282,2022021285,7,1,Buffalo Sabres,New Jersey Devils,2,6
1283,2022021287,29,4,Columbus Blue Jackets,Philadelphia Flyers,3,4
1284,2022021288,17,12,Detroit Red Wings,Carolina Hurricanes,1,4
1285,2022021289,10,14,Toronto Maple Leafs,Tampa Bay Lightning,4,3
1286,2022021290,15,6,Washington Capitals,Boston Bruins,2,5
1287,2022021286,16,5,Chicago Blackhawks,Pittsburgh Penguins,5,2
1288,2022021291,52,30,Winnipeg Jets,Minnesota Wild,3,1
1289,2022021292,22,21,Edmonton Oilers,Colorado Avalanche,2,1
1290,2022021293,55,54,Seattle Kraken,Vegas Golden Knights,1,4
1291,2022021294,23,24,Vancouver Canucks,Anaheim Ducks,3,2
1292,2022021295,8,2,Montréal Canadiens,New York Islanders,2,4
1293,2022021296,25,19,Dallas Stars,St. Louis Blues,5,2
1294,2022021297,28,20,San Jose Sharks,Calgary Flames,1,3
1295,2022021298,6,8,Boston Bruins,Montréal Canadiens,5,4
1296,2022021299,12,13,Carolina Hurricanes,Florida Panthers,6,4
1297,2022021300,17,14,Detroit Red Wings,Tampa Bay Lightning,0,5
1298,2022021301,1,15,New Jersey Devils,Washington Capitals,5,4
1299,2022021302,9,7,Ottawa Senators,Buffalo Sabres,3,4
1300,2022021303,5,29,Pittsburgh Penguins,Columbus Blue Jackets,2,3
1301,2022021304,10,3,Toronto Maple Leafs,New York Rangers,3,2
1302,2022021305,30,18,Minnesota Wild,Nashville Predators,3,4
1303,2022021307,19,25,St. Louis Blues,Dallas Stars,0,1
1304,2022021309,52,21,Winnipeg Jets,Colorado Avalanche,2,4
1305,2022021306,4,16,Philadelphia Flyers,Chicago Blackhawks,5,4
1306,2022021308,28,22,San Jose Sharks,Edmonton Oilers,2,5
1307,2022021310,26,24,Los Angeles Kings,Anaheim Ducks,5,3
1308,2022021311,23,53,Vancouver Canucks,Arizona Coyotes,5,4
1309,2022021312,54,55,Vegas Golden Knights,Seattle Kraken,3,1
1310,2022020547,7,29,Buffalo Sabres,Columbus Blue Jackets,5,2
1311,2022020320,21,18,Colorado Avalanche,Nashville Predators,4,3
