,home_team_id,away_team_id,home_team,away_team,play_id,game_id,event,event_id,event_type_id,description,time_stamp,period,period_time,period_time_remaining,goals_home,goals_away,team_id,team_name,team_abrv
0,29,30,Columbus Blue Jackets,Minnesota Wild,20220209241,2022020924,Game Scheduled,1,GAME_SCHEDULED,Game Scheduled,2023-02-23T23:13:38Z,1,00:00,20:00,0,0,,,
1,29,30,Columbus Blue Jackets,Minnesota Wild,20220209245,2022020924,Period Ready,5,PERIOD_READY,Period Ready,2023-02-24T00:06:27Z,1,00:00,20:00,0,0,,,
2,29,30,Columbus Blue Jackets,Minnesota Wild,202202092451,2022020924,Period Start,51,PERIOD_START,Period Start,2023-02-24T00:08:38Z,1,00:00,20:00,0,0,,,
3,29,30,Columbus Blue Jackets,Minnesota Wild,202202092452,2022020924,Faceoff,52,FACEOFF,Sean Kuraly faceoff won against Joel Eriksson Ek,2023-02-24T00:08:38Z,1,00:00,20:00,0,0,29.0,Columbus Blue Jackets,CBJ
4,29,30,Columbus Blue Jackets,Minnesota Wild,20220209248,2022020924,Hit,8,HIT,Matt Dumba hit Eric Robinson,2023-02-24T00:08:49Z,1,00:11,19:49,0,0,30.0,Minnesota Wild,MIN
5,29,30,Columbus Blue Jackets,Minnesota Wild,20220209249,2022020924,Hit,9,HIT,Tim Berni hit Joel Eriksson Ek,2023-02-24T00:09:01Z,1,00:23,19:37,0,0,29.0,Columbus Blue Jackets,CBJ
6,29,30,Columbus Blue Jackets,Minnesota Wild,2022020924151,2022020924,Missed Shot,151,MISSED_SHOT,Matt Dumba Wide of Net Joonas Korpisalo,2023-02-24T00:09:16Z,1,00:38,19:22,0,0,30.0,Minnesota Wild,MIN
7,29,30,Columbus Blue Jackets,Minnesota Wild,202202092453,2022020924,Giveaway,53,GIVEAWAY,Giveaway by Alex Goligoski,2023-02-24T00:09:22Z,1,00:44,19:16,0,0,30.0,Minnesota Wild,MIN
8,29,30,Columbus Blue Jackets,Minnesota Wild,2022020924152,2022020924,Shot,152,SHOT,Andrew Peeke Wrist Shot saved by Marc-Andre Fleury,2023-02-24T00:09:32Z,1,00:54,19:06,0,0,29.0,Columbus Blue Jackets,CBJ
9,29,30,Columbus Blue Jackets,Minnesota Wild,202202092454,2022020924,Giveaway,54,GIVEAWAY,Giveaway by Patrik Laine,2023-02-24T00:09:52Z,1,01:14,18:46,0,0,29.0,Columbus Blue Jackets,CBJ
10,29,30,Columbus Blue Jackets,Minnesota Wild,202202092410,2022020924,Stoppage,10,STOP,Goalie Stopped,2023-02-24T00:09:57Z,1,01:19,18:41,0,0,,,
11,29,30,Columbus Blue Jackets,Minnesota Wild,2022020924153,2022020924,Shot,153,SHOT,Kirill Kaprizov Wrist Shot saved by Joonas Korpisalo,2023-02-24T00:09:57Z,1,01:19,18:41,0,0,30.0,Minnesota Wild,MIN
12,29,30,Columbus Blue Jackets,Minnesota Wild,202202092455,2022020924,Faceoff,55,FACEOFF,Boone Jenner faceoff won against Ryan Hartman,2023-02-24T00:10:19Z,1,01:19,18:41,0,0,29.0,Columbus Blue Jackets,CBJ
13,29,30,Columbus Blue Jackets,Minnesota Wild,2022020924251,2022020924,Blocked Shot,251,BLOCKED_SHOT,Kirill Kaprizov shot blocked shot by Nick Blankenburg,2023-02-24T00:10:31Z,1,01:31,18:29,0,0,29.0,Columbus Blue Jackets,CBJ
14,29,30,Columbus Blue Jackets,Minnesota Wild,202202092411,2022020924,Stoppage,11,STOP,Referee or Linesman,2023-02-24T00:10:37Z,1,01:37,18:23,0,0,,,
15,29,30,Columbus Blue Jackets,Minnesota Wild,2022020924154,2022020924,Shot,154,SHOT,Kirill Kaprizov Tip-In saved by Joonas Korpisalo,2023-02-24T00:10:37Z,1,01:37,18:23,0,0,30.0,Minnesota Wild,MIN
16,29,30,Columbus Blue Jackets,Minnesota Wild,202202092456,2022020924,Faceoff,56,FACEOFF,Boone Jenner faceoff won against Ryan Hartman,2023-02-24T00:12:10Z,1,01:37,18:23,0,0,29.0,Columbus Blue Jackets,CBJ
17,29,30,Columbus Blue Jackets,Minnesota Wild,2022020924155,2022020924,Shot,155,SHOT,Ryan Hartman Wrist Shot saved by Joonas Korpisalo,2023-02-24T00:12:42Z,1,02:09,17:51,0,0,30.0,Minnesota Wild,MIN
18,29,30,Columbus Blue Jackets,Minnesota Wild,2022020924156,2022020924,Missed Shot,156,MISSED_SHOT,Dakota Mermis Wide of Net Joonas Korpisalo,2023-02-24T00:12:59Z,1,02:26,17:34,0,0,30.0,Minnesota Wild,MIN
19,29,30,Columbus Blue Jackets,Minnesota Wild,202202092412,2022020924,Hit,12,HIT,Nick Blankenburg hit Kirill Kaprizov,2023-02-24T00:13:05Z,1,02:32,17:28,0,0,29.0,Columbus Blue Jackets,CBJ
20,29,30,Columbus Blue Jackets,Minnesota Wild,2022020924157,2022020924,Missed Shot,157,MISSED_SHOT,Brandon Duhaime Wide of Net Joonas Korpisalo,2023-02-24T00:13:14Z,1,02:41,17:19,0,0,30.0,Minnesota Wild,MIN
21,29,30,Columbus Blue Jackets,Minnesota Wild,202202092457,2022020924,Giveaway,57,GIVEAWAY,Giveaway by Kirill Kaprizov,2023-02-24T00:13:17Z,1,02:44,17:16,0,0,30.0,Minnesota Wild,MIN
22,29,30,Columbus Blue Jackets,Minnesota Wild,2022020924158,2022020924,Goal,158,GOAL,"Brandon Duhaime (6) Wrist Shot, assists: Frederick Gaudreau (13)",2023-02-24T00:13:34Z,1,03:01,16:59,0,1,30.0,Minnesota Wild,MIN
23,29,30,Columbus Blue Jackets,Minnesota Wild,202202092458,2022020924,Faceoff,58,FACEOFF,Lane Pederson faceoff won against Frederick Gaudreau,2023-02-24T00:14:45Z,1,03:01,16:59,0,1,29.0,Columbus Blue Jackets,CBJ
24,29,30,Columbus Blue Jackets,Minnesota Wild,2022020924160,2022020924,Blocked Shot,160,BLOCKED_SHOT,Frederick Gaudreau shot blocked shot by Gavin Bayreuther,2023-02-24T00:14:58Z,1,03:14,16:46,0,1,29.0,Columbus Blue Jackets,CBJ
25,29,30,Columbus Blue Jackets,Minnesota Wild,2022020924161,2022020924,Blocked Shot,161,BLOCKED_SHOT,Emil Bemstrom shot blocked shot by Matt Dumba,2023-02-24T00:15:22Z,1,03:38,16:22,0,1,30.0,Minnesota Wild,MIN
26,29,30,Columbus Blue Jackets,Minnesota Wild,2022020924162,2022020924,Blocked Shot,162,BLOCKED_SHOT,Emil Bemstrom shot blocked shot by Connor Dewar,2023-02-24T00:15:32Z,1,03:48,16:12,0,1,30.0,Minnesota Wild,MIN
27,29,30,Columbus Blue Jackets,Minnesota Wild,202202092413,2022020924,Stoppage,13,STOP,Puck in Netting,2023-02-24T00:15:34Z,1,03:49,16:11,0,1,,,
28,29,30,Columbus Blue Jackets,Minnesota Wild,202202092459,2022020924,Faceoff,59,FACEOFF,Connor Dewar faceoff won against Jack Roslovic,2023-02-24T00:16:06Z,1,03:49,16:11,0,1,30.0,Minnesota Wild,MIN
29,29,30,Columbus Blue Jackets,Minnesota Wild,202202092415,2022020924,Hit,15,HIT,Andrew Peeke hit Ryan Reaves,2023-02-24T00:16:54Z,1,04:37,15:23,0,1,29.0,Columbus Blue Jackets,CBJ
30,29,30,Columbus Blue Jackets,Minnesota Wild,2022020924163,2022020924,Shot,163,SHOT,Calen Addison Slap Shot saved by Joonas Korpisalo,2023-02-24T00:16:54Z,1,04:37,15:23,0,1,30.0,Minnesota Wild,MIN
31,29,30,Columbus Blue Jackets,Minnesota Wild,202202092414,2022020924,Hit,14,HIT,Andrew Peeke hit Ryan Reaves,2023-02-24T00:17:05Z,1,04:48,15:12,0,1,29.0,Columbus Blue Jackets,CBJ
32,29,30,Columbus Blue Jackets,Minnesota Wild,202202092416,2022020924,Stoppage,16,STOP,Puck Frozen,2023-02-24T00:17:55Z,1,05:39,14:21,0,1,,,
33,29,30,Columbus Blue Jackets,Minnesota Wild,202202092460,2022020924,Faceoff,60,FACEOFF,Boone Jenner faceoff won against Ryan Hartman,2023-02-24T00:18:28Z,1,05:39,14:21,0,1,29.0,Columbus Blue Jackets,CBJ
34,29,30,Columbus Blue Jackets,Minnesota Wild,2022020924164,2022020924,Shot,164,SHOT,Erik Gudbranson Wrist Shot saved by Marc-Andre Fleury,2023-02-24T00:18:34Z,1,05:45,14:15,0,1,29.0,Columbus Blue Jackets,CBJ
35,29,30,Columbus Blue Jackets,Minnesota Wild,2022020924165,2022020924,Missed Shot,165,MISSED_SHOT,Jared Spurgeon Wide of Net Joonas Korpisalo,2023-02-24T00:19:01Z,1,06:12,13:48,0,1,30.0,Minnesota Wild,MIN
36,29,30,Columbus Blue Jackets,Minnesota Wild,2022020924166,2022020924,Missed Shot,166,MISSED_SHOT,Ryan Hartman Over Net Joonas Korpisalo,2023-02-24T00:19:07Z,1,06:18,13:42,0,1,30.0,Minnesota Wild,MIN
37,29,30,Columbus Blue Jackets,Minnesota Wild,202202092417,2022020924,Stoppage,17,STOP,Goalie Stopped,2023-02-24T00:19:25Z,1,06:36,13:24,0,1,,,
38,29,30,Columbus Blue Jackets,Minnesota Wild,2022020924167,2022020924,Shot,167,SHOT,Kirill Kaprizov Snap Shot saved by Joonas Korpisalo,2023-02-24T00:19:25Z,1,06:36,13:24,0,1,30.0,Minnesota Wild,MIN
39,29,30,Columbus Blue Jackets,Minnesota Wild,202202092462,2022020924,Faceoff,62,FACEOFF,Lane Pederson faceoff won against Frederick Gaudreau,2023-02-24T00:21:46Z,1,06:36,13:24,0,1,29.0,Columbus Blue Jackets,CBJ
40,29,30,Columbus Blue Jackets,Minnesota Wild,202202092418,2022020924,Hit,18,HIT,Brandon Duhaime hit Gavin Bayreuther,2023-02-24T00:21:52Z,1,06:42,13:18,0,1,30.0,Minnesota Wild,MIN
41,29,30,Columbus Blue Jackets,Minnesota Wild,2022020924252,2022020924,Blocked Shot,252,BLOCKED_SHOT,Liam Foudy shot blocked shot by Calen Addison,2023-02-24T00:22:07Z,1,06:57,13:03,0,1,30.0,Minnesota Wild,MIN
42,29,30,Columbus Blue Jackets,Minnesota Wild,2022020924168,2022020924,Shot,168,SHOT,Lane Pederson Wrist Shot saved by Marc-Andre Fleury,2023-02-24T00:22:11Z,1,07:01,12:59,0,1,29.0,Columbus Blue Jackets,CBJ
43,29,30,Columbus Blue Jackets,Minnesota Wild,2022020924169,2022020924,Missed Shot,169,MISSED_SHOT,Lane Pederson Wide of Net Marc-Andre Fleury,2023-02-24T00:22:16Z,1,07:06,12:54,0,1,29.0,Columbus Blue Jackets,CBJ
44,29,30,Columbus Blue Jackets,Minnesota Wild,2022020924170,2022020924,Blocked Shot,170,BLOCKED_SHOT,Gavin Bayreuther shot blocked shot by Calen Addison,2023-02-24T00:22:17Z,1,07:07,12:53,0,1,30.0,Minnesota Wild,MIN
45,29,30,Columbus Blue Jackets,Minnesota Wild,2022020924253,2022020924,Shot,253,SHOT,Emil Bemstrom Backhand saved by Marc-Andre Fleury,2023-02-24T00:22:18Z,1,07:08,12:52,0,1,29.0,Columbus Blue Jackets,CBJ
46,29,30,Columbus Blue Jackets,Minnesota Wild,202202092419,2022020924,Hit,19,HIT,Ryan Reaves hit Andrew Peeke,2023-02-24T00:22:42Z,1,07:32,12:28,0,1,30.0,Minnesota Wild,MIN
47,29,30,Columbus Blue Jackets,Minnesota Wild,202202092420,2022020924,Stoppage,20,STOP,Goalie Stopped,2023-02-24T00:23:06Z,1,07:56,12:04,0,1,,,
48,29,30,Columbus Blue Jackets,Minnesota Wild,2022020924171,2022020924,Shot,171,SHOT,Jack Roslovic Wrist Shot saved by Marc-Andre Fleury,2023-02-24T00:23:06Z,1,07:56,12:04,0,1,29.0,Columbus Blue Jackets,CBJ
49,29,30,Columbus Blue Jackets,Minnesota Wild,202202092463,2022020924,Faceoff,63,FACEOFF,Boone Jenner faceoff won against Joel Eriksson Ek,2023-02-24T00:23:37Z,1,07:56,12:04,0,1,29.0,Columbus Blue Jackets,CBJ
50,29,30,Columbus Blue Jackets,Minnesota Wild,202202092421,2022020924,Hit,21,HIT,Marcus Foligno hit Erik Gudbranson,2023-02-24T00:23:54Z,1,08:13,11:47,0,1,30.0,Minnesota Wild,MIN
51,29,30,Columbus Blue Jackets,Minnesota Wild,2022020924172,2022020924,Shot,172,SHOT,Boone Jenner Wrist Shot saved by Marc-Andre Fleury,2023-02-24T00:24:03Z,1,08:22,11:38,0,1,29.0,Columbus Blue Jackets,CBJ
52,29,30,Columbus Blue Jackets,Minnesota Wild,2022020924173,2022020924,Shot,173,SHOT,Boone Jenner Backhand saved by Marc-Andre Fleury,2023-02-24T00:24:03Z,1,08:22,11:38,0,1,29.0,Columbus Blue Jackets,CBJ
53,29,30,Columbus Blue Jackets,Minnesota Wild,202202092422,2022020924,Stoppage,22,STOP,Goalie Stopped,2023-02-24T00:24:04Z,1,08:23,11:37,0,1,,,
54,29,30,Columbus Blue Jackets,Minnesota Wild,202202092464,2022020924,Faceoff,64,FACEOFF,Ryan Hartman faceoff won against Sean Kuraly,2023-02-24T00:24:35Z,1,08:23,11:37,0,1,30.0,Minnesota Wild,MIN
55,29,30,Columbus Blue Jackets,Minnesota Wild,2022020924174,2022020924,Goal,174,GOAL,"Kirill Kaprizov (34) Wrist Shot, assists: Jake Middleton (8), Ryan Hartman (12)",2023-02-24T00:25:00Z,1,08:48,11:12,0,2,30.0,Minnesota Wild,MIN
56,29,30,Columbus Blue Jackets,Minnesota Wild,202202092465,2022020924,Faceoff,65,FACEOFF,Lane Pederson faceoff won against Frederick Gaudreau,2023-02-24T00:25:43Z,1,08:48,11:12,0,2,29.0,Columbus Blue Jackets,CBJ
57,29,30,Columbus Blue Jackets,Minnesota Wild,202202092423,2022020924,Stoppage,23,STOP,Icing,2023-02-24T00:25:50Z,1,08:55,11:05,0,2,,,
58,29,30,Columbus Blue Jackets,Minnesota Wild,202202092466,2022020924,Faceoff,66,FACEOFF,Lane Pederson faceoff won against Frederick Gaudreau,2023-02-24T00:26:11Z,1,08:55,11:05,0,2,29.0,Columbus Blue Jackets,CBJ
59,29,30,Columbus Blue Jackets,Minnesota Wild,202202092424,2022020924,Stoppage,24,STOP,Puck in Benches,2023-02-24T00:26:22Z,1,09:05,10:55,0,2,,,
60,29,30,Columbus Blue Jackets,Minnesota Wild,202202092467,2022020924,Faceoff,67,FACEOFF,Lane Pederson faceoff won against Frederick Gaudreau,2023-02-24T00:26:47Z,1,09:05,10:55,0,2,29.0,Columbus Blue Jackets,CBJ
61,29,30,Columbus Blue Jackets,Minnesota Wild,202202092425,2022020924,Stoppage,25,STOP,Goalie Stopped,2023-02-24T00:26:56Z,1,09:14,10:46,0,2,,,
62,29,30,Columbus Blue Jackets,Minnesota Wild,202202092468,2022020924,Faceoff,68,FACEOFF,Jack Roslovic faceoff won against Connor Dewar,2023-02-24T00:27:35Z,1,09:14,10:46,0,2,29.0,Columbus Blue Jackets,CBJ
63,29,30,Columbus Blue Jackets,Minnesota Wild,202202092426,2022020924,Stoppage,26,STOP,Icing,2023-02-24T00:27:56Z,1,09:36,10:24,0,2,,,
64,29,30,Columbus Blue Jackets,Minnesota Wild,202202092469,2022020924,Faceoff,69,FACEOFF,Boone Jenner faceoff won against Connor Dewar,2023-02-24T00:28:23Z,1,09:36,10:24,0,2,29.0,Columbus Blue Jackets,CBJ
65,29,30,Columbus Blue Jackets,Minnesota Wild,2022020924254,2022020924,Blocked Shot,254,BLOCKED_SHOT,Kirill Marchenko shot blocked shot by Ryan Reaves,2023-02-24T00:28:24Z,1,09:37,10:23,0,2,30.0,Minnesota Wild,MIN
66,29,30,Columbus Blue Jackets,Minnesota Wild,202202092427,2022020924,Stoppage,27,STOP,Puck in Crowd,2023-02-24T00:28:26Z,1,09:39,10:21,0,2,,,
67,29,30,Columbus Blue Jackets,Minnesota Wild,202202092470,2022020924,Faceoff,70,FACEOFF,Boone Jenner faceoff won against Joel Eriksson Ek,2023-02-24T00:28:49Z,1,09:39,10:21,0,2,29.0,Columbus Blue Jackets,CBJ
68,29,30,Columbus Blue Jackets,Minnesota Wild,202202092428,2022020924,Hit,28,HIT,Marcus Foligno hit Nick Blankenburg,2023-02-24T00:29:04Z,1,09:54,10:06,0,2,30.0,Minnesota Wild,MIN
69,29,30,Columbus Blue Jackets,Minnesota Wild,202202092429,2022020924,Stoppage,29,STOP,Icing,2023-02-24T00:29:04Z,1,09:55,10:05,0,2,,,
70,29,30,Columbus Blue Jackets,Minnesota Wild,202202092471,2022020924,Faceoff,71,FACEOFF,Joel Eriksson Ek faceoff won against Boone Jenner,2023-02-24T00:29:39Z,1,09:55,10:05,0,2,30.0,Minnesota Wild,MIN
71,29,30,Columbus Blue Jackets,Minnesota Wild,2022020924175,2022020924,Missed Shot,175,MISSED_SHOT,Matt Boldy Over Net Joonas Korpisalo,2023-02-24T00:29:47Z,1,10:03,09:57,0,2,30.0,Minnesota Wild,MIN
72,29,30,Columbus Blue Jackets,Minnesota Wild,2022020924176,2022020924,Missed Shot,176,MISSED_SHOT,Boone Jenner Wide of Net Marc-Andre Fleury,2023-02-24T00:29:57Z,1,10:13,09:47,0,2,29.0,Columbus Blue Jackets,CBJ
73,29,30,Columbus Blue Jackets,Minnesota Wild,2022020924177,2022020924,Blocked Shot,177,BLOCKED_SHOT,Nick Blankenburg shot blocked shot by Joel Eriksson Ek,2023-02-24T00:29:59Z,1,10:15,09:45,0,2,30.0,Minnesota Wild,MIN
74,29,30,Columbus Blue Jackets,Minnesota Wild,202202092430,2022020924,Hit,30,HIT,Joel Eriksson Ek hit Kirill Marchenko,2023-02-24T00:30:08Z,1,10:24,09:36,0,2,30.0,Minnesota Wild,MIN
75,29,30,Columbus Blue Jackets,Minnesota Wild,2022020924178,2022020924,Missed Shot,178,MISSED_SHOT,Boone Jenner Wide of Net Marc-Andre Fleury,2023-02-24T00:30:17Z,1,10:33,09:27,0,2,29.0,Columbus Blue Jackets,CBJ
76,29,30,Columbus Blue Jackets,Minnesota Wild,202202092472,2022020924,Takeaway,72,TAKEAWAY,Takeaway by Sean Kuraly,2023-02-24T00:30:38Z,1,10:54,09:06,0,2,29.0,Columbus Blue Jackets,CBJ
77,29,30,Columbus Blue Jackets,Minnesota Wild,2022020924179,2022020924,Missed Shot,179,MISSED_SHOT,Mathieu Olivier Wide of Net Marc-Andre Fleury,2023-02-24T00:30:56Z,1,11:12,08:48,0,2,29.0,Columbus Blue Jackets,CBJ
78,29,30,Columbus Blue Jackets,Minnesota Wild,2022020924180,2022020924,Shot,180,SHOT,Eric Robinson Wrist Shot saved by Marc-Andre Fleury,2023-02-24T00:31:12Z,1,11:28,08:32,0,2,29.0,Columbus Blue Jackets,CBJ
79,29,30,Columbus Blue Jackets,Minnesota Wild,202202092431,2022020924,Stoppage,31,STOP,Goalie Stopped,2023-02-24T00:31:13Z,1,11:29,08:31,0,2,,,
80,29,30,Columbus Blue Jackets,Minnesota Wild,202202092473,2022020924,Faceoff,73,FACEOFF,Lane Pederson faceoff won against Frederick Gaudreau,2023-02-24T00:33:27Z,1,11:29,08:31,0,2,29.0,Columbus Blue Jackets,CBJ
81,29,30,Columbus Blue Jackets,Minnesota Wild,202202092474,2022020924,Takeaway,74,TAKEAWAY,Takeaway by Frederick Gaudreau,2023-02-24T00:33:42Z,1,11:44,08:16,0,2,30.0,Minnesota Wild,MIN
82,29,30,Columbus Blue Jackets,Minnesota Wild,2022020924181,2022020924,Missed Shot,181,MISSED_SHOT,Frederick Gaudreau Wide of Net Joonas Korpisalo,2023-02-24T00:33:51Z,1,11:53,08:07,0,2,30.0,Minnesota Wild,MIN
83,29,30,Columbus Blue Jackets,Minnesota Wild,202202092432,2022020924,Hit,32,HIT,Brandon Duhaime hit Lane Pederson,2023-02-24T00:33:57Z,1,11:59,08:01,0,2,30.0,Minnesota Wild,MIN
84,29,30,Columbus Blue Jackets,Minnesota Wild,202202092475,2022020924,Giveaway,75,GIVEAWAY,Giveaway by Emil Bemstrom,2023-02-24T00:34:03Z,1,12:05,07:55,0,2,29.0,Columbus Blue Jackets,CBJ
85,29,30,Columbus Blue Jackets,Minnesota Wild,202202092433,2022020924,Hit,33,HIT,Ryan Reaves hit Andrew Peeke,2023-02-24T00:34:29Z,1,12:31,07:29,0,2,30.0,Minnesota Wild,MIN
86,29,30,Columbus Blue Jackets,Minnesota Wild,202202092476,2022020924,Giveaway,76,GIVEAWAY,Giveaway by Jack Roslovic,2023-02-24T00:34:46Z,1,12:48,07:12,0,2,29.0,Columbus Blue Jackets,CBJ
87,29,30,Columbus Blue Jackets,Minnesota Wild,202202092434,2022020924,Hit,34,HIT,Ryan Reaves hit Andrew Peeke,2023-02-24T00:34:51Z,1,12:53,07:07,0,2,30.0,Minnesota Wild,MIN
88,29,30,Columbus Blue Jackets,Minnesota Wild,202202092435,2022020924,Stoppage,35,STOP,Hand Pass,2023-02-24T00:34:54Z,1,12:55,07:05,0,2,,,
89,29,30,Columbus Blue Jackets,Minnesota Wild,202202092477,2022020924,Faceoff,77,FACEOFF,Sean Kuraly faceoff won against Joel Eriksson Ek,2023-02-24T00:35:37Z,1,12:55,07:05,0,2,29.0,Columbus Blue Jackets,CBJ
90,29,30,Columbus Blue Jackets,Minnesota Wild,2022020924182,2022020924,Shot,182,SHOT,Gavin Bayreuther Snap Shot saved by Marc-Andre Fleury,2023-02-24T00:36:30Z,1,13:48,06:12,0,2,29.0,Columbus Blue Jackets,CBJ
91,29,30,Columbus Blue Jackets,Minnesota Wild,2022020924183,2022020924,Blocked Shot,183,BLOCKED_SHOT,Andrew Peeke shot blocked shot by Joel Eriksson Ek,2023-02-24T00:36:38Z,1,13:56,06:04,0,2,30.0,Minnesota Wild,MIN
92,29,30,Columbus Blue Jackets,Minnesota Wild,202202092478,2022020924,Takeaway,78,TAKEAWAY,Takeaway by Johnny Gaudreau,2023-02-24T00:36:44Z,1,14:02,05:58,0,2,29.0,Columbus Blue Jackets,CBJ
93,29,30,Columbus Blue Jackets,Minnesota Wild,2022020924184,2022020924,Missed Shot,184,MISSED_SHOT,Johnny Gaudreau Over Net Marc-Andre Fleury,2023-02-24T00:36:50Z,1,14:08,05:52,0,2,29.0,Columbus Blue Jackets,CBJ
94,29,30,Columbus Blue Jackets,Minnesota Wild,202202092436,2022020924,Stoppage,36,STOP,TV timeout,2023-02-24T00:37:32Z,1,14:50,05:10,0,2,,,
95,29,30,Columbus Blue Jackets,Minnesota Wild,2022020924454,2022020924,Penalty,454,PENALTY,Tim Berni High-sticking against Ryan Hartman,2023-02-24T00:37:32Z,1,14:50,05:10,0,2,29.0,Columbus Blue Jackets,CBJ
96,29,30,Columbus Blue Jackets,Minnesota Wild,202202092479,2022020924,Faceoff,79,FACEOFF,Sean Kuraly faceoff won against Joel Eriksson Ek,2023-02-24T00:39:53Z,1,14:50,05:10,0,2,29.0,Columbus Blue Jackets,CBJ
97,29,30,Columbus Blue Jackets,Minnesota Wild,202202092437,2022020924,Hit,37,HIT,Andrew Peeke hit Matt Boldy,2023-02-24T00:40:16Z,1,15:13,04:47,0,2,29.0,Columbus Blue Jackets,CBJ
98,29,30,Columbus Blue Jackets,Minnesota Wild,2022020924185,2022020924,Shot,185,SHOT,Liam Foudy Backhand saved by Marc-Andre Fleury,2023-02-24T00:40:42Z,1,15:39,04:21,0,2,29.0,Columbus Blue Jackets,CBJ
99,29,30,Columbus Blue Jackets,Minnesota Wild,2022020924187,2022020924,Shot,187,SHOT,Jared Spurgeon Slap Shot saved by Joonas Korpisalo,2023-02-24T00:41:53Z,1,16:50,03:10,0,2,30.0,Minnesota Wild,MIN
100,29,30,Columbus Blue Jackets,Minnesota Wild,2022020924188,2022020924,Blocked Shot,188,BLOCKED_SHOT,Ryan Hartman shot blocked shot by Sean Kuraly,2023-02-24T00:41:59Z,1,16:56,03:04,0,2,29.0,Columbus Blue Jackets,CBJ
101,29,30,Columbus Blue Jackets,Minnesota Wild,2022020924189,2022020924,Missed Shot,189,MISSED_SHOT,Ryan Hartman Goalpost Joonas Korpisalo,2023-02-24T00:42:13Z,1,17:10,02:50,0,2,30.0,Minnesota Wild,MIN
102,29,30,Columbus Blue Jackets,Minnesota Wild,202202092438,2022020924,Stoppage,38,STOP,Puck in Netting,2023-02-24T00:42:38Z,1,17:35,02:25,0,2,,,
103,29,30,Columbus Blue Jackets,Minnesota Wild,2022020924190,2022020924,Missed Shot,190,MISSED_SHOT,Kirill Marchenko Wide of Net Marc-Andre Fleury,2023-02-24T00:42:38Z,1,17:35,02:25,0,2,29.0,Columbus Blue Jackets,CBJ
104,29,30,Columbus Blue Jackets,Minnesota Wild,202202092480,2022020924,Faceoff,80,FACEOFF,Jack Roslovic faceoff won against Connor Dewar,2023-02-24T00:43:12Z,1,17:35,02:25,0,2,29.0,Columbus Blue Jackets,CBJ
105,29,30,Columbus Blue Jackets,Minnesota Wild,2022020924191,2022020924,Missed Shot,191,MISSED_SHOT,Erik Gudbranson Wide of Net Marc-Andre Fleury,2023-02-24T00:43:17Z,1,17:40,02:20,0,2,29.0,Columbus Blue Jackets,CBJ
106,29,30,Columbus Blue Jackets,Minnesota Wild,202202092439,2022020924,Hit,39,HIT,Ryan Reaves hit Erik Gudbranson,2023-02-24T00:43:40Z,1,18:03,01:57,0,2,30.0,Minnesota Wild,MIN
107,29,30,Columbus Blue Jackets,Minnesota Wild,202202092440,2022020924,Stoppage,40,STOP,Goalie Stopped,2023-02-24T00:43:47Z,1,18:10,01:50,0,2,,,
108,29,30,Columbus Blue Jackets,Minnesota Wild,2022020924192,2022020924,Shot,192,SHOT,Jack Roslovic Wrist Shot saved by Marc-Andre Fleury,2023-02-24T00:43:47Z,1,18:10,01:50,0,2,29.0,Columbus Blue Jackets,CBJ
109,29,30,Columbus Blue Jackets,Minnesota Wild,202202092482,2022020924,Faceoff,82,FACEOFF,Sean Kuraly faceoff won against Joel Eriksson Ek,2023-02-24T00:44:18Z,1,18:10,01:50,0,2,29.0,Columbus Blue Jackets,CBJ
110,29,30,Columbus Blue Jackets,Minnesota Wild,2022020924193,2022020924,Blocked Shot,193,BLOCKED_SHOT,Eric Robinson shot blocked shot by Joel Eriksson Ek,2023-02-24T00:44:21Z,1,18:13,01:47,0,2,30.0,Minnesota Wild,MIN
111,29,30,Columbus Blue Jackets,Minnesota Wild,2022020924194,2022020924,Missed Shot,194,MISSED_SHOT,Calen Addison Wide of Net Joonas Korpisalo,2023-02-24T00:44:51Z,1,18:43,01:17,0,2,30.0,Minnesota Wild,MIN
112,29,30,Columbus Blue Jackets,Minnesota Wild,2022020924195,2022020924,Blocked Shot,195,BLOCKED_SHOT,Joel Eriksson Ek shot blocked shot by Sean Kuraly,2023-02-24T00:44:56Z,1,18:48,01:12,0,2,29.0,Columbus Blue Jackets,CBJ
113,29,30,Columbus Blue Jackets,Minnesota Wild,2022020924196,2022020924,Shot,196,SHOT,Mathieu Olivier Wrist Shot saved by Marc-Andre Fleury,2023-02-24T00:45:15Z,1,19:07,00:53,0,2,29.0,Columbus Blue Jackets,CBJ
114,29,30,Columbus Blue Jackets,Minnesota Wild,202202092441,2022020924,Stoppage,41,STOP,Goalie Stopped,2023-02-24T00:45:17Z,1,19:08,00:52,0,2,,,
115,29,30,Columbus Blue Jackets,Minnesota Wild,202202092483,2022020924,Faceoff,83,FACEOFF,Boone Jenner faceoff won against Ryan Hartman,2023-02-24T00:45:50Z,1,19:08,00:52,0,2,29.0,Columbus Blue Jackets,CBJ
116,29,30,Columbus Blue Jackets,Minnesota Wild,2022020924197,2022020924,Blocked Shot,197,BLOCKED_SHOT,Jake Middleton shot blocked shot by Boone Jenner,2023-02-24T00:46:05Z,1,19:23,00:37,0,2,29.0,Columbus Blue Jackets,CBJ
117,29,30,Columbus Blue Jackets,Minnesota Wild,202202092442,2022020924,Stoppage,42,STOP,Goalie Stopped,2023-02-24T00:46:24Z,1,19:42,00:18,0,2,,,
118,29,30,Columbus Blue Jackets,Minnesota Wild,2022020924198,2022020924,Shot,198,SHOT,Erik Gudbranson Slap Shot saved by Marc-Andre Fleury,2023-02-24T00:46:24Z,1,19:42,00:18,0,2,29.0,Columbus Blue Jackets,CBJ
119,29,30,Columbus Blue Jackets,Minnesota Wild,202202092484,2022020924,Faceoff,84,FACEOFF,Jack Roslovic faceoff won against Frederick Gaudreau,2023-02-24T00:47:03Z,1,19:42,00:18,0,2,29.0,Columbus Blue Jackets,CBJ
120,29,30,Columbus Blue Jackets,Minnesota Wild,2022020924199,2022020924,Blocked Shot,199,BLOCKED_SHOT,Adam Boqvist shot blocked shot by Marcus Foligno,2023-02-24T00:47:08Z,1,19:47,00:13,0,2,30.0,Minnesota Wild,MIN
121,29,30,Columbus Blue Jackets,Minnesota Wild,202202092485,2022020924,Takeaway,85,TAKEAWAY,Takeaway by Adam Boqvist,2023-02-24T00:47:17Z,1,19:56,00:04,0,2,29.0,Columbus Blue Jackets,CBJ
122,29,30,Columbus Blue Jackets,Minnesota Wild,2022020924200,2022020924,Shot,200,SHOT,Kent Johnson Wrist Shot saved by Marc-Andre Fleury,2023-02-24T00:47:20Z,1,19:59,00:01,0,2,29.0,Columbus Blue Jackets,CBJ
123,29,30,Columbus Blue Jackets,Minnesota Wild,202202092443,2022020924,Period End,43,PERIOD_END,End of 1st Period,2023-02-24T00:47:21Z,1,20:00,00:00,0,2,,,
124,29,30,Columbus Blue Jackets,Minnesota Wild,202202092446,2022020924,Period Official,46,PERIOD_OFFICIAL,Period Official,2023-02-24T01:03:55Z,1,20:00,00:00,0,2,,,
125,29,30,Columbus Blue Jackets,Minnesota Wild,202202092447,2022020924,Period Ready,47,PERIOD_READY,Period Ready,2023-02-24T01:04:03Z,2,00:00,20:00,0,2,,,
126,29,30,Columbus Blue Jackets,Minnesota Wild,202202092486,2022020924,Period Start,86,PERIOD_START,Period Start,2023-02-24T01:06:04Z,2,00:00,20:00,0,2,,,
127,29,30,Columbus Blue Jackets,Minnesota Wild,202202092487,2022020924,Faceoff,87,FACEOFF,Sean Kuraly faceoff won against Joel Eriksson Ek,2023-02-24T01:06:04Z,2,00:00,20:00,0,2,29.0,Columbus Blue Jackets,CBJ
128,29,30,Columbus Blue Jackets,Minnesota Wild,2022020924301,2022020924,Shot,301,SHOT,Erik Gudbranson Wrist Shot saved by Marc-Andre Fleury,2023-02-24T01:06:31Z,2,00:27,19:33,0,2,29.0,Columbus Blue Jackets,CBJ
129,29,30,Columbus Blue Jackets,Minnesota Wild,2022020924302,2022020924,Missed Shot,302,MISSED_SHOT,Sean Kuraly Wide of Net Marc-Andre Fleury,2023-02-24T01:07:00Z,2,00:56,19:04,0,2,29.0,Columbus Blue Jackets,CBJ
130,29,30,Columbus Blue Jackets,Minnesota Wild,202202092448,2022020924,Stoppage,48,STOP,Goalie Stopped,2023-02-24T01:07:01Z,2,00:57,19:03,0,2,,,
131,29,30,Columbus Blue Jackets,Minnesota Wild,202202092488,2022020924,Faceoff,88,FACEOFF,Boone Jenner faceoff won against Ryan Hartman,2023-02-24T01:07:26Z,2,00:57,19:03,0,2,29.0,Columbus Blue Jackets,CBJ
132,29,30,Columbus Blue Jackets,Minnesota Wild,2022020924303,2022020924,Blocked Shot,303,BLOCKED_SHOT,Ryan Hartman shot blocked shot by Andrew Peeke,2023-02-24T01:08:20Z,2,01:51,18:09,0,2,29.0,Columbus Blue Jackets,CBJ
133,29,30,Columbus Blue Jackets,Minnesota Wild,202202092489,2022020924,Takeaway,89,TAKEAWAY,Takeaway by Jordan Greenway,2023-02-24T01:09:49Z,2,03:20,16:40,0,2,30.0,Minnesota Wild,MIN
134,29,30,Columbus Blue Jackets,Minnesota Wild,202202092490,2022020924,Takeaway,90,TAKEAWAY,Takeaway by Adam Boqvist,2023-02-24T01:09:58Z,2,03:29,16:31,0,2,29.0,Columbus Blue Jackets,CBJ
135,29,30,Columbus Blue Jackets,Minnesota Wild,202202092449,2022020924,Stoppage,49,STOP,Goalie Stopped,2023-02-24T01:10:14Z,2,03:46,16:14,0,2,,,
136,29,30,Columbus Blue Jackets,Minnesota Wild,2022020924304,2022020924,Shot,304,SHOT,Ryan Reaves Wrist Shot saved by Joonas Korpisalo,2023-02-24T01:10:14Z,2,03:46,16:14,0,2,30.0,Minnesota Wild,MIN
137,29,30,Columbus Blue Jackets,Minnesota Wild,202202092491,2022020924,Faceoff,91,FACEOFF,Liam Foudy faceoff won against Connor Dewar,2023-02-24T01:10:48Z,2,03:46,16:14,0,2,29.0,Columbus Blue Jackets,CBJ
138,29,30,Columbus Blue Jackets,Minnesota Wild,202202092450,2022020924,Hit,50,HIT,Mason Shaw hit Lane Pederson,2023-02-24T01:11:01Z,2,03:59,16:01,0,2,30.0,Minnesota Wild,MIN
139,29,30,Columbus Blue Jackets,Minnesota Wild,2022020924351,2022020924,Stoppage,351,STOP,Offside,2023-02-24T01:11:21Z,2,04:19,15:41,0,2,,,
140,29,30,Columbus Blue Jackets,Minnesota Wild,202202092492,2022020924,Faceoff,92,FACEOFF,Sean Kuraly faceoff won against Joel Eriksson Ek,2023-02-24T01:11:51Z,2,04:19,15:41,0,2,29.0,Columbus Blue Jackets,CBJ
141,29,30,Columbus Blue Jackets,Minnesota Wild,2022020924305,2022020924,Blocked Shot,305,BLOCKED_SHOT,Matt Dumba shot blocked shot by Mathieu Olivier,2023-02-24T01:12:42Z,2,05:10,14:50,0,2,29.0,Columbus Blue Jackets,CBJ
142,29,30,Columbus Blue Jackets,Minnesota Wild,2022020924306,2022020924,Shot,306,SHOT,Sean Kuraly Wrist Shot saved by Marc-Andre Fleury,2023-02-24T01:12:52Z,2,05:20,14:40,0,2,29.0,Columbus Blue Jackets,CBJ
143,29,30,Columbus Blue Jackets,Minnesota Wild,2022020924307,2022020924,Missed Shot,307,MISSED_SHOT,Mats Zuccarello Over Net Joonas Korpisalo,2023-02-24T01:13:08Z,2,05:36,14:24,0,2,30.0,Minnesota Wild,MIN
144,29,30,Columbus Blue Jackets,Minnesota Wild,2022020924352,2022020924,Stoppage,352,STOP,Offside,2023-02-24T01:13:45Z,2,06:13,13:47,0,2,,,
145,29,30,Columbus Blue Jackets,Minnesota Wild,202202092493,2022020924,Faceoff,93,FACEOFF,Frederick Gaudreau faceoff won against Jack Roslovic,2023-02-24T01:16:07Z,2,06:13,13:47,0,2,30.0,Minnesota Wild,MIN
146,29,30,Columbus Blue Jackets,Minnesota Wild,2022020924353,2022020924,Hit,353,HIT,Brandon Duhaime hit Jack Roslovic,2023-02-24T01:16:40Z,2,06:46,13:14,0,2,30.0,Minnesota Wild,MIN
147,29,30,Columbus Blue Jackets,Minnesota Wild,2022020924308,2022020924,Blocked Shot,308,BLOCKED_SHOT,Adam Boqvist shot blocked shot by Jake Middleton,2023-02-24T01:16:48Z,2,06:54,13:06,0,2,30.0,Minnesota Wild,MIN
148,29,30,Columbus Blue Jackets,Minnesota Wild,2022020924354,2022020924,Stoppage,354,STOP,Icing,2023-02-24T01:17:17Z,2,07:22,12:38,0,2,,,
149,29,30,Columbus Blue Jackets,Minnesota Wild,202202092494,2022020924,Faceoff,94,FACEOFF,Mats Zuccarello faceoff won against Jack Roslovic,2023-02-24T01:18:10Z,2,07:22,12:38,0,2,30.0,Minnesota Wild,MIN
150,29,30,Columbus Blue Jackets,Minnesota Wild,2022020924546,2022020924,Penalty,546,PENALTY,Alex Goligoski Hooking against Boone Jenner,2023-02-24T01:18:48Z,2,08:01,11:59,0,2,30.0,Minnesota Wild,MIN
151,29,30,Columbus Blue Jackets,Minnesota Wild,202202092495,2022020924,Faceoff,95,FACEOFF,Frederick Gaudreau faceoff won against Boone Jenner,2023-02-24T01:19:36Z,2,08:01,11:59,0,2,30.0,Minnesota Wild,MIN
152,29,30,Columbus Blue Jackets,Minnesota Wild,2022020924309,2022020924,Blocked Shot,309,BLOCKED_SHOT,Joel Eriksson Ek shot blocked shot by Adam Boqvist,2023-02-24T01:19:50Z,2,08:15,11:45,0,2,29.0,Columbus Blue Jackets,CBJ
153,29,30,Columbus Blue Jackets,Minnesota Wild,2022020924310,2022020924,Shot,310,SHOT,Johnny Gaudreau Snap Shot saved by Marc-Andre Fleury,2023-02-24T01:20:10Z,2,08:35,11:25,0,2,29.0,Columbus Blue Jackets,CBJ
154,29,30,Columbus Blue Jackets,Minnesota Wild,2022020924311,2022020924,Shot,311,SHOT,Boone Jenner Deflected saved by Marc-Andre Fleury,2023-02-24T01:20:17Z,2,08:42,11:18,0,2,29.0,Columbus Blue Jackets,CBJ
155,29,30,Columbus Blue Jackets,Minnesota Wild,2022020924312,2022020924,Shot,312,SHOT,Emil Bemstrom Snap Shot saved by Marc-Andre Fleury,2023-02-24T01:20:51Z,2,09:16,10:44,0,2,29.0,Columbus Blue Jackets,CBJ
156,29,30,Columbus Blue Jackets,Minnesota Wild,2022020924313,2022020924,Blocked Shot,313,BLOCKED_SHOT,Connor Dewar shot blocked shot by Jack Roslovic,2023-02-24T01:21:20Z,2,09:45,10:15,0,2,29.0,Columbus Blue Jackets,CBJ
157,29,30,Columbus Blue Jackets,Minnesota Wild,2022020924355,2022020924,Stoppage,355,STOP,Net Dislodged Defensive Skater,2023-02-24T01:21:34Z,2,09:59,10:01,0,2,,,
158,29,30,Columbus Blue Jackets,Minnesota Wild,202202092496,2022020924,Faceoff,96,FACEOFF,Ryan Hartman faceoff won against Lane Pederson,2023-02-24T01:22:32Z,2,09:59,10:01,0,2,30.0,Minnesota Wild,MIN
159,29,30,Columbus Blue Jackets,Minnesota Wild,2022020924314,2022020924,Shot,314,SHOT,Ryan Hartman Snap Shot saved by Joonas Korpisalo,2023-02-24T01:22:39Z,2,10:07,09:53,0,2,30.0,Minnesota Wild,MIN
160,29,30,Columbus Blue Jackets,Minnesota Wild,2022020924315,2022020924,Shot,315,SHOT,Brandon Duhaime Wrist Shot saved by Joonas Korpisalo,2023-02-24T01:22:41Z,2,10:08,09:52,0,2,30.0,Minnesota Wild,MIN
161,29,30,Columbus Blue Jackets,Minnesota Wild,2022020924316,2022020924,Shot,316,SHOT,Brandon Duhaime Tip-In saved by Joonas Korpisalo,2023-02-24T01:22:47Z,2,10:14,09:46,0,2,30.0,Minnesota Wild,MIN
162,29,30,Columbus Blue Jackets,Minnesota Wild,2022020924356,2022020924,Stoppage,356,STOP,Goalie Stopped,2023-02-24T01:22:49Z,2,10:15,09:45,0,2,,,
163,29,30,Columbus Blue Jackets,Minnesota Wild,202202092497,2022020924,Faceoff,97,FACEOFF,Boone Jenner faceoff won against Ryan Hartman,2023-02-24T01:25:12Z,2,10:15,09:45,0,2,29.0,Columbus Blue Jackets,CBJ
164,29,30,Columbus Blue Jackets,Minnesota Wild,2022020924318,2022020924,Blocked Shot,318,BLOCKED_SHOT,Kirill Marchenko shot blocked shot by Matt Dumba,2023-02-24T01:25:38Z,2,10:41,09:19,0,2,30.0,Minnesota Wild,MIN
165,29,30,Columbus Blue Jackets,Minnesota Wild,2022020924319,2022020924,Blocked Shot,319,BLOCKED_SHOT,Nick Blankenburg shot blocked shot by Kirill Kaprizov,2023-02-24T01:25:47Z,2,10:50,09:10,0,2,30.0,Minnesota Wild,MIN
166,29,30,Columbus Blue Jackets,Minnesota Wild,2022020924321,2022020924,Shot,321,SHOT,Boone Jenner Tip-In saved by Marc-Andre Fleury,2023-02-24T01:25:49Z,2,10:52,09:08,0,2,29.0,Columbus Blue Jackets,CBJ
167,29,30,Columbus Blue Jackets,Minnesota Wild,2022020924357,2022020924,Stoppage,357,STOP,Goalie Stopped,2023-02-24T01:25:51Z,2,10:54,09:06,0,2,,,
168,29,30,Columbus Blue Jackets,Minnesota Wild,202202092498,2022020924,Faceoff,98,FACEOFF,Joel Eriksson Ek faceoff won against Sean Kuraly,2023-02-24T01:26:20Z,2,10:54,09:06,0,2,30.0,Minnesota Wild,MIN
169,29,30,Columbus Blue Jackets,Minnesota Wild,2022020924322,2022020924,Shot,322,SHOT,Joel Eriksson Ek Wrist Shot saved by Joonas Korpisalo,2023-02-24T01:26:40Z,2,11:15,08:45,0,2,30.0,Minnesota Wild,MIN
170,29,30,Columbus Blue Jackets,Minnesota Wild,2022020924359,2022020924,Stoppage,359,STOP,Goalie Stopped,2023-02-24T01:26:40Z,2,11:15,08:45,0,2,,,
171,29,30,Columbus Blue Jackets,Minnesota Wild,202202092499,2022020924,Faceoff,99,FACEOFF,Frederick Gaudreau faceoff won against Jack Roslovic,2023-02-24T01:27:15Z,2,11:15,08:45,0,2,30.0,Minnesota Wild,MIN
172,29,30,Columbus Blue Jackets,Minnesota Wild,2022020924360,2022020924,Hit,360,HIT,Jordan Greenway hit Nick Blankenburg,2023-02-24T01:28:02Z,2,12:02,07:58,0,2,30.0,Minnesota Wild,MIN
173,29,30,Columbus Blue Jackets,Minnesota Wild,2022020924323,2022020924,Missed Shot,323,MISSED_SHOT,Marcus Foligno Wide of Net Joonas Korpisalo,2023-02-24T01:28:25Z,2,12:25,07:35,0,2,30.0,Minnesota Wild,MIN
174,29,30,Columbus Blue Jackets,Minnesota Wild,2022020924324,2022020924,Shot,324,SHOT,Jake Middleton Wrist Shot saved by Joonas Korpisalo,2023-02-24T01:28:55Z,2,12:55,07:05,0,2,30.0,Minnesota Wild,MIN
175,29,30,Columbus Blue Jackets,Minnesota Wild,2022020924325,2022020924,Shot,325,SHOT,Kent Johnson Wrist Shot saved by Marc-Andre Fleury,2023-02-24T01:29:00Z,2,13:00,07:00,0,2,29.0,Columbus Blue Jackets,CBJ
176,29,30,Columbus Blue Jackets,Minnesota Wild,2022020924326,2022020924,Shot,326,SHOT,Connor Dewar Snap Shot saved by Joonas Korpisalo,2023-02-24T01:29:14Z,2,13:14,06:46,0,2,30.0,Minnesota Wild,MIN
177,29,30,Columbus Blue Jackets,Minnesota Wild,2022020924327,2022020924,Shot,327,SHOT,Alex Goligoski Slap Shot saved by Joonas Korpisalo,2023-02-24T01:29:27Z,2,13:28,06:32,0,2,30.0,Minnesota Wild,MIN
178,29,30,Columbus Blue Jackets,Minnesota Wild,2022020924361,2022020924,Stoppage,361,STOP,Goalie Stopped,2023-02-24T01:29:27Z,2,13:28,06:32,0,2,,,
179,29,30,Columbus Blue Jackets,Minnesota Wild,2022020924100,2022020924,Faceoff,100,FACEOFF,Boone Jenner faceoff won against Ryan Hartman,2023-02-24T01:29:59Z,2,13:28,06:32,0,2,29.0,Columbus Blue Jackets,CBJ
180,29,30,Columbus Blue Jackets,Minnesota Wild,2022020924328,2022020924,Shot,328,SHOT,Jake Middleton Wrist Shot saved by Joonas Korpisalo,2023-02-24T01:30:55Z,2,14:24,05:36,0,2,30.0,Minnesota Wild,MIN
181,29,30,Columbus Blue Jackets,Minnesota Wild,2022020924362,2022020924,Hit,362,HIT,Ryan Reaves hit Nick Blankenburg,2023-02-24T01:31:28Z,2,14:57,05:03,0,2,30.0,Minnesota Wild,MIN
182,29,30,Columbus Blue Jackets,Minnesota Wild,2022020924329,2022020924,Shot,329,SHOT,Mason Shaw Wrist Shot saved by Joonas Korpisalo,2023-02-24T01:31:34Z,2,15:03,04:57,0,2,30.0,Minnesota Wild,MIN
183,29,30,Columbus Blue Jackets,Minnesota Wild,2022020924330,2022020924,Shot,330,SHOT,Connor Dewar Wrist Shot saved by Joonas Korpisalo,2023-02-24T01:31:35Z,2,15:04,04:56,0,2,30.0,Minnesota Wild,MIN
184,29,30,Columbus Blue Jackets,Minnesota Wild,2022020924363,2022020924,Stoppage,363,STOP,Goalie Stopped,2023-02-24T01:31:36Z,2,15:05,04:55,0,2,,,
185,29,30,Columbus Blue Jackets,Minnesota Wild,2022020924401,2022020924,Faceoff,401,FACEOFF,Lane Pederson faceoff won against Frederick Gaudreau,2023-02-24T01:33:52Z,2,15:05,04:55,0,2,29.0,Columbus Blue Jackets,CBJ
186,29,30,Columbus Blue Jackets,Minnesota Wild,2022020924332,2022020924,Blocked Shot,332,BLOCKED_SHOT,Liam Foudy shot blocked shot by Frederick Gaudreau,2023-02-24T01:34:21Z,2,15:34,04:26,0,2,30.0,Minnesota Wild,MIN
187,29,30,Columbus Blue Jackets,Minnesota Wild,2022020924364,2022020924,Stoppage,364,STOP,Goalie Stopped,2023-02-24T01:34:22Z,2,15:35,04:25,0,2,,,
188,29,30,Columbus Blue Jackets,Minnesota Wild,2022020924402,2022020924,Faceoff,402,FACEOFF,Sean Kuraly faceoff won against Joel Eriksson Ek,2023-02-24T01:35:02Z,2,15:35,04:25,0,2,29.0,Columbus Blue Jackets,CBJ
189,29,30,Columbus Blue Jackets,Minnesota Wild,2022020924333,2022020924,Missed Shot,333,MISSED_SHOT,Matt Boldy Wide of Net Joonas Korpisalo,2023-02-24T01:35:16Z,2,15:49,04:11,0,2,30.0,Minnesota Wild,MIN
190,29,30,Columbus Blue Jackets,Minnesota Wild,2022020924334,2022020924,Blocked Shot,334,BLOCKED_SHOT,Jared Spurgeon shot blocked shot by Kirill Marchenko,2023-02-24T01:36:20Z,2,16:53,03:07,0,2,29.0,Columbus Blue Jackets,CBJ
191,29,30,Columbus Blue Jackets,Minnesota Wild,2022020924335,2022020924,Shot,335,SHOT,Johnny Gaudreau Snap Shot saved by Marc-Andre Fleury,2023-02-24T01:36:40Z,2,17:13,02:47,0,2,29.0,Columbus Blue Jackets,CBJ
192,29,30,Columbus Blue Jackets,Minnesota Wild,2022020924365,2022020924,Stoppage,365,STOP,Puck in Netting,2023-02-24T01:36:40Z,2,17:13,02:47,0,2,,,
193,29,30,Columbus Blue Jackets,Minnesota Wild,2022020924403,2022020924,Faceoff,403,FACEOFF,Jack Roslovic faceoff won against Connor Dewar,2023-02-24T01:37:14Z,2,17:13,02:47,0,2,29.0,Columbus Blue Jackets,CBJ
194,29,30,Columbus Blue Jackets,Minnesota Wild,2022020924336,2022020924,Blocked Shot,336,BLOCKED_SHOT,Patrik Laine shot blocked shot by Alex Goligoski,2023-02-24T01:37:20Z,2,17:19,02:41,0,2,30.0,Minnesota Wild,MIN
195,29,30,Columbus Blue Jackets,Minnesota Wild,2022020924337,2022020924,Shot,337,SHOT,Alex Goligoski Wrist Shot saved by Joonas Korpisalo,2023-02-24T01:37:29Z,2,17:28,02:32,0,2,30.0,Minnesota Wild,MIN
196,29,30,Columbus Blue Jackets,Minnesota Wild,2022020924366,2022020924,Stoppage,366,STOP,Goalie Stopped,2023-02-24T01:37:29Z,2,17:28,02:32,0,2,,,
197,29,30,Columbus Blue Jackets,Minnesota Wild,2022020924404,2022020924,Faceoff,404,FACEOFF,Sean Kuraly faceoff won against Brandon Duhaime,2023-02-24T01:38:46Z,2,17:28,02:32,0,2,29.0,Columbus Blue Jackets,CBJ
198,29,30,Columbus Blue Jackets,Minnesota Wild,2022020924405,2022020924,Takeaway,405,TAKEAWAY,Takeaway by Alex Goligoski,2023-02-24T01:38:49Z,2,17:31,02:29,0,2,30.0,Minnesota Wild,MIN
199,29,30,Columbus Blue Jackets,Minnesota Wild,2022020924406,2022020924,Takeaway,406,TAKEAWAY,Takeaway by Brandon Duhaime,2023-02-24T01:39:21Z,2,18:03,01:57,0,2,30.0,Minnesota Wild,MIN
200,29,30,Columbus Blue Jackets,Minnesota Wild,2022020924407,2022020924,Giveaway,407,GIVEAWAY,Giveaway by Brandon Duhaime,2023-02-24T01:39:28Z,2,18:10,01:50,0,2,30.0,Minnesota Wild,MIN
201,29,30,Columbus Blue Jackets,Minnesota Wild,2022020924367,2022020924,Stoppage,367,STOP,Icing,2023-02-24T01:40:12Z,2,18:53,01:07,0,2,,,
202,29,30,Columbus Blue Jackets,Minnesota Wild,2022020924408,2022020924,Faceoff,408,FACEOFF,Joel Eriksson Ek faceoff won against Jack Roslovic,2023-02-24T01:40:44Z,2,18:53,01:07,0,2,30.0,Minnesota Wild,MIN
203,29,30,Columbus Blue Jackets,Minnesota Wild,2022020924339,2022020924,Missed Shot,339,MISSED_SHOT,Joel Eriksson Ek Wide of Net Joonas Korpisalo,2023-02-24T01:40:58Z,2,19:07,00:53,0,2,30.0,Minnesota Wild,MIN
204,29,30,Columbus Blue Jackets,Minnesota Wild,2022020924340,2022020924,Shot,340,SHOT,Jack Roslovic Wrist Shot saved by Marc-Andre Fleury,2023-02-24T01:41:07Z,2,19:16,00:44,0,2,29.0,Columbus Blue Jackets,CBJ
205,29,30,Columbus Blue Jackets,Minnesota Wild,2022020924341,2022020924,Blocked Shot,341,BLOCKED_SHOT,Kirill Marchenko shot blocked shot by Kirill Kaprizov,2023-02-24T01:41:50Z,2,19:59,00:01,0,2,30.0,Minnesota Wild,MIN
206,29,30,Columbus Blue Jackets,Minnesota Wild,2022020924370,2022020924,Period End,370,PERIOD_END,End of 2nd Period,2023-02-24T01:41:51Z,2,20:00,00:00,0,2,,,
207,29,30,Columbus Blue Jackets,Minnesota Wild,2022020924373,2022020924,Period Official,373,PERIOD_OFFICIAL,Period Official,2023-02-24T01:58:04Z,2,20:00,00:00,0,2,,,
208,29,30,Columbus Blue Jackets,Minnesota Wild,2022020924374,2022020924,Period Ready,374,PERIOD_READY,Period Ready,2023-02-24T01:58:35Z,3,00:00,20:00,0,2,,,
209,29,30,Columbus Blue Jackets,Minnesota Wild,2022020924409,2022020924,Period Start,409,PERIOD_START,Period Start,2023-02-24T02:00:40Z,3,00:00,20:00,0,2,,,
210,29,30,Columbus Blue Jackets,Minnesota Wild,2022020924410,2022020924,Faceoff,410,FACEOFF,Sean Kuraly faceoff won against Joel Eriksson Ek,2023-02-24T02:00:40Z,3,00:00,20:00,0,2,29.0,Columbus Blue Jackets,CBJ
211,29,30,Columbus Blue Jackets,Minnesota Wild,2022020924376,2022020924,Hit,376,HIT,Matt Boldy hit Tim Berni,2023-02-24T02:01:05Z,3,00:25,19:35,0,2,30.0,Minnesota Wild,MIN
212,29,30,Columbus Blue Jackets,Minnesota Wild,2022020924377,2022020924,Hit,377,HIT,Matt Dumba hit Sean Kuraly,2023-02-24T02:01:25Z,3,00:45,19:15,0,2,30.0,Minnesota Wild,MIN
213,29,30,Columbus Blue Jackets,Minnesota Wild,2022020924411,2022020924,Takeaway,411,TAKEAWAY,Takeaway by Marcus Foligno,2023-02-24T02:01:34Z,3,00:53,19:07,0,2,30.0,Minnesota Wild,MIN
214,29,30,Columbus Blue Jackets,Minnesota Wild,2022020924344,2022020924,Shot,344,SHOT,Matt Boldy Wrist Shot saved by Joonas Korpisalo,2023-02-24T02:01:42Z,3,01:02,18:58,0,2,30.0,Minnesota Wild,MIN
215,29,30,Columbus Blue Jackets,Minnesota Wild,2022020924378,2022020924,Stoppage,378,STOP,Goalie Stopped,2023-02-24T02:01:42Z,3,01:03,18:57,0,2,,,
216,29,30,Columbus Blue Jackets,Minnesota Wild,2022020924412,2022020924,Faceoff,412,FACEOFF,Ryan Hartman faceoff won against Boone Jenner,2023-02-24T02:02:11Z,3,01:03,18:57,0,2,30.0,Minnesota Wild,MIN
217,29,30,Columbus Blue Jackets,Minnesota Wild,2022020924379,2022020924,Stoppage,379,STOP,Offside,2023-02-24T02:02:32Z,3,01:23,18:37,0,2,,,
218,29,30,Columbus Blue Jackets,Minnesota Wild,2022020924413,2022020924,Faceoff,413,FACEOFF,Boone Jenner faceoff won against Ryan Hartman,2023-02-24T02:02:53Z,3,01:23,18:37,0,2,29.0,Columbus Blue Jackets,CBJ
219,29,30,Columbus Blue Jackets,Minnesota Wild,2022020924345,2022020924,Blocked Shot,345,BLOCKED_SHOT,Johnny Gaudreau shot blocked shot by Jared Spurgeon,2023-02-24T02:03:30Z,3,02:00,18:00,0,2,30.0,Minnesota Wild,MIN
220,29,30,Columbus Blue Jackets,Minnesota Wild,2022020924346,2022020924,Blocked Shot,346,BLOCKED_SHOT,Kirill Kaprizov shot blocked shot by Gavin Bayreuther,2023-02-24T02:03:39Z,3,02:09,17:51,0,2,29.0,Columbus Blue Jackets,CBJ
221,29,30,Columbus Blue Jackets,Minnesota Wild,2022020924347,2022020924,Shot,347,SHOT,Brandon Duhaime Wrist Shot saved by Joonas Korpisalo,2023-02-24T02:04:33Z,3,03:03,16:57,0,2,30.0,Minnesota Wild,MIN
222,29,30,Columbus Blue Jackets,Minnesota Wild,2022020924348,2022020924,Blocked Shot,348,BLOCKED_SHOT,Eric Robinson shot blocked shot by Ryan Hartman,2023-02-24T02:06:24Z,3,04:54,15:06,0,2,30.0,Minnesota Wild,MIN
223,29,30,Columbus Blue Jackets,Minnesota Wild,2022020924414,2022020924,Giveaway,414,GIVEAWAY,Giveaway by Kirill Marchenko,2023-02-24T02:06:56Z,3,05:26,14:34,0,2,29.0,Columbus Blue Jackets,CBJ
224,29,30,Columbus Blue Jackets,Minnesota Wild,2022020924349,2022020924,Blocked Shot,349,BLOCKED_SHOT,Erik Gudbranson shot blocked shot by Connor Dewar,2023-02-24T02:08:31Z,3,07:01,12:59,0,2,30.0,Minnesota Wild,MIN
225,29,30,Columbus Blue Jackets,Minnesota Wild,2022020924380,2022020924,Stoppage,380,STOP,Puck in Netting,2023-02-24T02:08:31Z,3,07:01,12:59,0,2,,,
226,29,30,Columbus Blue Jackets,Minnesota Wild,2022020924415,2022020924,Faceoff,415,FACEOFF,Sean Kuraly faceoff won against Joel Eriksson Ek,2023-02-24T02:10:51Z,3,07:01,12:59,0,2,29.0,Columbus Blue Jackets,CBJ
227,29,30,Columbus Blue Jackets,Minnesota Wild,2022020924350,2022020924,Blocked Shot,350,BLOCKED_SHOT,Sean Kuraly shot blocked shot by Jake Middleton,2023-02-24T02:10:55Z,3,07:02,12:58,0,2,30.0,Minnesota Wild,MIN
228,29,30,Columbus Blue Jackets,Minnesota Wild,2022020924601,2022020924,Missed Shot,601,MISSED_SHOT,Joel Eriksson Ek Wide of Net Joonas Korpisalo,2023-02-24T02:11:18Z,3,07:28,12:32,0,2,30.0,Minnesota Wild,MIN
229,29,30,Columbus Blue Jackets,Minnesota Wild,2022020924602,2022020924,Shot,602,SHOT,Jack Roslovic Tip-In saved by Marc-Andre Fleury,2023-02-24T02:12:16Z,3,08:26,11:34,0,2,29.0,Columbus Blue Jackets,CBJ
230,29,30,Columbus Blue Jackets,Minnesota Wild,2022020924381,2022020924,Stoppage,381,STOP,Puck in Crowd,2023-02-24T02:12:17Z,3,08:27,11:33,0,2,,,
231,29,30,Columbus Blue Jackets,Minnesota Wild,2022020924416,2022020924,Faceoff,416,FACEOFF,Frederick Gaudreau faceoff won against Jack Roslovic,2023-02-24T02:12:57Z,3,08:27,11:33,0,2,30.0,Minnesota Wild,MIN
232,29,30,Columbus Blue Jackets,Minnesota Wild,2022020924603,2022020924,Shot,603,SHOT,Jordan Greenway Wrist Shot saved by Joonas Korpisalo,2023-02-24T02:13:08Z,3,08:38,11:22,0,2,30.0,Minnesota Wild,MIN
233,29,30,Columbus Blue Jackets,Minnesota Wild,2022020924604,2022020924,Missed Shot,604,MISSED_SHOT,Brandon Duhaime Wide of Net Joonas Korpisalo,2023-02-24T02:13:14Z,3,08:44,11:16,0,2,30.0,Minnesota Wild,MIN
234,29,30,Columbus Blue Jackets,Minnesota Wild,2022020924605,2022020924,Missed Shot,605,MISSED_SHOT,Jared Spurgeon Hit Crossbar Joonas Korpisalo,2023-02-24T02:13:27Z,3,08:57,11:03,0,2,30.0,Minnesota Wild,MIN
235,29,30,Columbus Blue Jackets,Minnesota Wild,2022020924382,2022020924,Hit,382,HIT,Jack Roslovic hit Jared Spurgeon,2023-02-24T02:13:29Z,3,08:59,11:01,0,2,29.0,Columbus Blue Jackets,CBJ
236,29,30,Columbus Blue Jackets,Minnesota Wild,2022020924383,2022020924,Hit,383,HIT,Andrew Peeke hit Kirill Kaprizov,2023-02-24T02:14:19Z,3,09:49,10:11,0,2,29.0,Columbus Blue Jackets,CBJ
237,29,30,Columbus Blue Jackets,Minnesota Wild,2022020924606,2022020924,Missed Shot,606,MISSED_SHOT,Kirill Kaprizov Wide of Net Joonas Korpisalo,2023-02-24T02:14:27Z,3,09:57,10:03,0,2,30.0,Minnesota Wild,MIN
238,29,30,Columbus Blue Jackets,Minnesota Wild,2022020924607,2022020924,Blocked Shot,607,BLOCKED_SHOT,Matt Dumba shot blocked shot by Boone Jenner,2023-02-24T02:14:35Z,3,10:05,09:55,0,2,29.0,Columbus Blue Jackets,CBJ
239,29,30,Columbus Blue Jackets,Minnesota Wild,2022020924608,2022020924,Shot,608,SHOT,Ryan Hartman Tip-In saved by Joonas Korpisalo,2023-02-24T02:14:48Z,3,10:18,09:42,0,2,30.0,Minnesota Wild,MIN
240,29,30,Columbus Blue Jackets,Minnesota Wild,2022020924384,2022020924,Stoppage,384,STOP,Goalie Stopped,2023-02-24T02:15:16Z,3,10:46,09:14,0,2,,,
241,29,30,Columbus Blue Jackets,Minnesota Wild,2022020924609,2022020924,Shot,609,SHOT,Dakota Mermis Slap Shot saved by Joonas Korpisalo,2023-02-24T02:15:16Z,3,10:46,09:14,0,2,30.0,Minnesota Wild,MIN
242,29,30,Columbus Blue Jackets,Minnesota Wild,2022020924417,2022020924,Faceoff,417,FACEOFF,Sean Kuraly faceoff won against Joel Eriksson Ek,2023-02-24T02:17:34Z,3,10:46,09:14,0,2,29.0,Columbus Blue Jackets,CBJ
243,29,30,Columbus Blue Jackets,Minnesota Wild,2022020924385,2022020924,Hit,385,HIT,Matt Boldy hit Adam Boqvist,2023-02-24T02:17:42Z,3,10:54,09:06,0,2,30.0,Minnesota Wild,MIN
244,29,30,Columbus Blue Jackets,Minnesota Wild,2022020924386,2022020924,Hit,386,HIT,Eric Robinson hit Calen Addison,2023-02-24T02:17:59Z,3,11:11,08:49,0,2,29.0,Columbus Blue Jackets,CBJ
245,29,30,Columbus Blue Jackets,Minnesota Wild,2022020924610,2022020924,Missed Shot,610,MISSED_SHOT,Matt Dumba Wide of Net Joonas Korpisalo,2023-02-24T02:18:16Z,3,11:28,08:32,0,2,30.0,Minnesota Wild,MIN
246,29,30,Columbus Blue Jackets,Minnesota Wild,2022020924387,2022020924,Hit,387,HIT,Sean Kuraly hit Joel Eriksson Ek,2023-02-24T02:18:25Z,3,11:37,08:23,0,2,29.0,Columbus Blue Jackets,CBJ
247,29,30,Columbus Blue Jackets,Minnesota Wild,2022020924418,2022020924,Takeaway,418,TAKEAWAY,Takeaway by Matt Boldy,2023-02-24T02:18:26Z,3,11:38,08:22,0,2,30.0,Minnesota Wild,MIN
248,29,30,Columbus Blue Jackets,Minnesota Wild,2022020924388,2022020924,Hit,388,HIT,Lane Pederson hit Alex Goligoski,2023-02-24T02:18:47Z,3,11:59,08:01,0,2,29.0,Columbus Blue Jackets,CBJ
249,29,30,Columbus Blue Jackets,Minnesota Wild,2022020924611,2022020924,Missed Shot,611,MISSED_SHOT,Erik Gudbranson Wide of Net Marc-Andre Fleury,2023-02-24T02:19:23Z,3,12:35,07:25,0,2,29.0,Columbus Blue Jackets,CBJ
250,29,30,Columbus Blue Jackets,Minnesota Wild,2022020924612,2022020924,Missed Shot,612,MISSED_SHOT,Lane Pederson Over Net Marc-Andre Fleury,2023-02-24T02:19:41Z,3,12:53,07:07,0,2,29.0,Columbus Blue Jackets,CBJ
251,29,30,Columbus Blue Jackets,Minnesota Wild,2022020924613,2022020924,Missed Shot,613,MISSED_SHOT,Adam Boqvist Over Net Marc-Andre Fleury,2023-02-24T02:20:33Z,3,13:45,06:15,0,2,29.0,Columbus Blue Jackets,CBJ
252,29,30,Columbus Blue Jackets,Minnesota Wild,2022020924614,2022020924,Missed Shot,614,MISSED_SHOT,Patrik Laine Wide of Net Marc-Andre Fleury,2023-02-24T02:20:39Z,3,13:51,06:09,0,2,29.0,Columbus Blue Jackets,CBJ
253,29,30,Columbus Blue Jackets,Minnesota Wild,2022020924389,2022020924,Hit,389,HIT,Dakota Mermis hit Patrik Laine,2023-02-24T02:20:46Z,3,13:58,06:02,0,2,30.0,Minnesota Wild,MIN
254,29,30,Columbus Blue Jackets,Minnesota Wild,2022020924615,2022020924,Blocked Shot,615,BLOCKED_SHOT,Patrik Laine shot blocked shot by Dakota Mermis,2023-02-24T02:20:56Z,3,14:08,05:52,0,2,30.0,Minnesota Wild,MIN
255,29,30,Columbus Blue Jackets,Minnesota Wild,2022020924419,2022020924,Takeaway,419,TAKEAWAY,Takeaway by Johnny Gaudreau,2023-02-24T02:21:19Z,3,14:31,05:29,0,2,29.0,Columbus Blue Jackets,CBJ
256,29,30,Columbus Blue Jackets,Minnesota Wild,2022020924616,2022020924,Shot,616,SHOT,Johnny Gaudreau Snap Shot saved by Marc-Andre Fleury,2023-02-24T02:21:23Z,3,14:35,05:25,0,2,29.0,Columbus Blue Jackets,CBJ
257,29,30,Columbus Blue Jackets,Minnesota Wild,2022020924617,2022020924,Shot,617,SHOT,Boone Jenner Batted saved by Marc-Andre Fleury,2023-02-24T02:21:24Z,3,14:36,05:24,0,2,29.0,Columbus Blue Jackets,CBJ
258,29,30,Columbus Blue Jackets,Minnesota Wild,2022020924619,2022020924,Blocked Shot,619,BLOCKED_SHOT,Boone Jenner shot blocked shot by Matt Dumba,2023-02-24T02:21:25Z,3,14:37,05:23,0,2,30.0,Minnesota Wild,MIN
259,29,30,Columbus Blue Jackets,Minnesota Wild,2022020924618,2022020924,Shot,618,SHOT,Boone Jenner Wrist Shot saved by Marc-Andre Fleury,2023-02-24T02:21:27Z,3,14:37,05:23,0,2,29.0,Columbus Blue Jackets,CBJ
260,29,30,Columbus Blue Jackets,Minnesota Wild,2022020924620,2022020924,Shot,620,SHOT,Kirill Marchenko Backhand saved by Marc-Andre Fleury,2023-02-24T02:21:26Z,3,14:38,05:22,0,2,29.0,Columbus Blue Jackets,CBJ
261,29,30,Columbus Blue Jackets,Minnesota Wild,2022020924390,2022020924,Stoppage,390,STOP,Net Dislodged Defensive Skater,2023-02-24T02:21:27Z,3,14:40,05:20,0,2,,,
262,29,30,Columbus Blue Jackets,Minnesota Wild,2022020924420,2022020924,Faceoff,420,FACEOFF,Joel Eriksson Ek faceoff won against Boone Jenner,2023-02-24T02:24:00Z,3,14:40,05:20,0,2,30.0,Minnesota Wild,MIN
263,29,30,Columbus Blue Jackets,Minnesota Wild,2022020924621,2022020924,Missed Shot,621,MISSED_SHOT,Adam Boqvist Wide of Net Marc-Andre Fleury,2023-02-24T02:24:18Z,3,14:58,05:02,0,2,29.0,Columbus Blue Jackets,CBJ
264,29,30,Columbus Blue Jackets,Minnesota Wild,2022020924622,2022020924,Blocked Shot,622,BLOCKED_SHOT,Boone Jenner shot blocked shot by Jared Spurgeon,2023-02-24T02:24:54Z,3,15:34,04:26,0,2,30.0,Minnesota Wild,MIN
265,29,30,Columbus Blue Jackets,Minnesota Wild,2022020924623,2022020924,Shot,623,SHOT,Andrew Peeke Wrist Shot saved by Marc-Andre Fleury,2023-02-24T02:25:01Z,3,15:41,04:19,0,2,29.0,Columbus Blue Jackets,CBJ
266,29,30,Columbus Blue Jackets,Minnesota Wild,2022020924624,2022020924,Missed Shot,624,MISSED_SHOT,Andrew Peeke Wide of Net Marc-Andre Fleury,2023-02-24T02:25:17Z,3,15:57,04:03,0,2,29.0,Columbus Blue Jackets,CBJ
267,29,30,Columbus Blue Jackets,Minnesota Wild,2022020924391,2022020924,Stoppage,391,STOP,Hand Pass,2023-02-24T02:25:42Z,3,16:22,03:38,0,2,,,
268,29,30,Columbus Blue Jackets,Minnesota Wild,2022020924421,2022020924,Faceoff,421,FACEOFF,Sean Kuraly faceoff won against Connor Dewar,2023-02-24T02:26:14Z,3,16:22,03:38,0,2,29.0,Columbus Blue Jackets,CBJ
269,29,30,Columbus Blue Jackets,Minnesota Wild,2022020924392,2022020924,Stoppage,392,STOP,Icing,2023-02-24T02:26:21Z,3,16:29,03:31,0,2,,,
270,29,30,Columbus Blue Jackets,Minnesota Wild,2022020924422,2022020924,Faceoff,422,FACEOFF,Sean Kuraly faceoff won against Connor Dewar,2023-02-24T02:26:51Z,3,16:29,03:31,0,2,29.0,Columbus Blue Jackets,CBJ
271,29,30,Columbus Blue Jackets,Minnesota Wild,2022020924393,2022020924,Hit,393,HIT,Connor Dewar hit Gavin Bayreuther,2023-02-24T02:27:00Z,3,16:38,03:22,0,2,30.0,Minnesota Wild,MIN
272,29,30,Columbus Blue Jackets,Minnesota Wild,2022020924423,2022020924,Giveaway,423,GIVEAWAY,Giveaway by Matt Dumba,2023-02-24T02:27:05Z,3,16:43,03:17,0,2,30.0,Minnesota Wild,MIN
273,29,30,Columbus Blue Jackets,Minnesota Wild,2022020924394,2022020924,Hit,394,HIT,Boone Jenner hit Matt Dumba,2023-02-24T02:27:31Z,3,17:09,02:51,0,2,29.0,Columbus Blue Jackets,CBJ
274,29,30,Columbus Blue Jackets,Minnesota Wild,2022020924395,2022020924,Stoppage,395,STOP,Icing,2023-02-24T02:27:34Z,3,17:12,02:48,0,2,,,
275,29,30,Columbus Blue Jackets,Minnesota Wild,2022020924424,2022020924,Faceoff,424,FACEOFF,Frederick Gaudreau faceoff won against Boone Jenner,2023-02-24T02:27:56Z,3,17:12,02:48,0,2,30.0,Minnesota Wild,MIN
276,29,30,Columbus Blue Jackets,Minnesota Wild,2022020924625,2022020924,Missed Shot,625,MISSED_SHOT,Boone Jenner Wide of Net Marc-Andre Fleury,2023-02-24T02:28:24Z,3,17:40,02:20,0,2,29.0,Columbus Blue Jackets,CBJ
277,29,30,Columbus Blue Jackets,Minnesota Wild,2022020924396,2022020924,Stoppage,396,STOP,Puck in Netting,2023-02-24T02:28:47Z,3,18:03,01:57,0,2,,,
278,29,30,Columbus Blue Jackets,Minnesota Wild,2022020924626,2022020924,Blocked Shot,626,BLOCKED_SHOT,Kent Johnson shot blocked shot by Jake Middleton,2023-02-24T02:28:47Z,3,18:03,01:57,0,2,30.0,Minnesota Wild,MIN
279,29,30,Columbus Blue Jackets,Minnesota Wild,2022020924425,2022020924,Faceoff,425,FACEOFF,Boone Jenner faceoff won against Ryan Hartman,2023-02-24T02:30:16Z,3,18:03,01:57,0,2,29.0,Columbus Blue Jackets,CBJ
280,29,30,Columbus Blue Jackets,Minnesota Wild,2022020924398,2022020924,Stoppage,398,STOP,Goalie Stopped,2023-02-24T02:30:22Z,3,18:08,01:52,0,2,,,
281,29,30,Columbus Blue Jackets,Minnesota Wild,2022020924627,2022020924,Shot,627,SHOT,Patrik Laine Slap Shot saved by Marc-Andre Fleury,2023-02-24T02:30:22Z,3,18:08,01:52,0,2,29.0,Columbus Blue Jackets,CBJ
282,29,30,Columbus Blue Jackets,Minnesota Wild,2022020924426,2022020924,Faceoff,426,FACEOFF,Ryan Hartman faceoff won against Boone Jenner,2023-02-24T02:30:43Z,3,18:08,01:52,0,2,30.0,Minnesota Wild,MIN
283,29,30,Columbus Blue Jackets,Minnesota Wild,2022020924628,2022020924,Blocked Shot,628,BLOCKED_SHOT,Patrik Laine shot blocked shot by Mats Zuccarello,2023-02-24T02:31:53Z,3,19:18,00:42,0,2,30.0,Minnesota Wild,MIN
284,29,30,Columbus Blue Jackets,Minnesota Wild,2022020924629,2022020924,Blocked Shot,629,BLOCKED_SHOT,Patrik Laine shot blocked shot by Ryan Hartman,2023-02-24T02:31:58Z,3,19:19,00:41,0,2,30.0,Minnesota Wild,MIN
285,29,30,Columbus Blue Jackets,Minnesota Wild,2022020924427,2022020924,Takeaway,427,TAKEAWAY,Takeaway by Mats Zuccarello,2023-02-24T02:32:07Z,3,19:32,00:28,0,2,30.0,Minnesota Wild,MIN
286,29,30,Columbus Blue Jackets,Minnesota Wild,2022020924256,2022020924,Blocked Shot,256,BLOCKED_SHOT,Mats Zuccarello shot blocked shot by Adam Boqvist,2023-02-24T02:32:09Z,3,19:34,00:26,0,2,29.0,Columbus Blue Jackets,CBJ
287,29,30,Columbus Blue Jackets,Minnesota Wild,2022020924630,2022020924,Missed Shot,630,MISSED_SHOT,Ryan Hartman Goalpost,2023-02-24T02:32:26Z,3,19:50,00:10,0,2,30.0,Minnesota Wild,MIN
288,29,30,Columbus Blue Jackets,Minnesota Wild,2022020924399,2022020924,Period End,399,PERIOD_END,End of 3rd Period,2023-02-24T02:32:36Z,3,20:00,00:00,0,2,,,
289,29,30,Columbus Blue Jackets,Minnesota Wild,2022020924752,2022020924,Period Official,752,PERIOD_OFFICIAL,Period Official,2023-02-24T02:32:46Z,3,20:00,00:00,0,2,,,
290,29,30,Columbus Blue Jackets,Minnesota Wild,2022020924753,2022020924,Game End,753,GAME_END,Game End,2023-02-24T02:32:49Z,3,20:00,00:00,0,2,,,
291,29,30,Columbus Blue Jackets,Minnesota Wild,2022020924754,2022020924,Game Official,754,GAME_OFFICIAL,Game Official,2023-02-24T02:55:19Z,3,20:00,00:00,0,2,,,
